title,link,view,upload_date
[기후환경 리포트] 한국은 결국 세계를 바꿀 것‥지금 부족한 건 단 하나 (2023.10.09/뉴스투데이/MBC),https://youtube.com/watch?v=LZEq-dZQ9S4&pp=ygUG7ZmY6rK9,130만회,6개월 전
"[자막뉴스] 어떻게 가능해?...청바지, 해양 환경 오염 막는다! / YTN",https://youtube.com/watch?v=7G3nASHldlE&pp=ygUG7ZmY6rK9,123만회,5개월 전
??지구의 날 특집! 소중한 지구를 위한 환경 동요 BEST 10 | 초록초록 지구 | 환경동요 | 동요 연속재생 | 주니토니 | JunyTony,https://youtube.com/watch?v=YMxnGIyGEbQ&pp=ygUG7ZmY6rK9,34만회,11개월 전
"환경탐정 푸루, 점점 더 뜨거워지는 지구",https://youtube.com/watch?v=eLDHWRrDkoc&pp=ygUG7ZmY6rK9,22만회,9년 전
환경오염송 | 과학송 | 과학노래 | 과학동요 | 초등과학 | 깨비키즈 KEBIKIDS,https://youtube.com/watch?v=NBf3yh0BQ14&pp=ygUG7ZmY6rK9,495만회,5년 전
"당신이 넷플릭스, 유튜브 같은 영상 볼 때마다 환경이 오염되는 이유 / 스브스뉴스",https://youtube.com/watch?v=0zzXc9qN1C0&pp=ygUG7ZmY6rK9,49만회,4년 전
"[2022 방통위 방송대상 수상작] 오늘 당신이 버린 옷, 어디로 갔을까?  (KBS  20210701 방송)",https://youtube.com/watch?v=gw5PdqOiodU&pp=ygUG7ZmY6rK9,117만회,1년 전
김상욱 교수 | 지구 온난화의 주범은 '인간'일까 '태양'일까? 과학적 팩트로 알아보는 기후 위기의 핵심 [환경읽어드립니다],https://youtube.com/watch?v=qLXJlHoSz8w&pp=ygUG7ZmY6rK9,615만회,2년 전
그 많던 플라스틱 쓰레기는 다 어디로 갔을까? 지구환경에 대한 고찰 | 대멸종 | 인류세 | 다큐프라임 | #골라듄다큐,https://youtube.com/watch?v=x9teM7gbizk&pp=ygUG7ZmY6rK9,10만회,1년 전
환경사랑송&율동,https://youtube.com/watch?v=QiIzXwLntBs&pp=ygUG7ZmY6rK9,15만회,5년 전
김경일 교수 | 왜 우리는 기후 변화를 무서워하지 않을까? 환경의 중요성을 간과하는 인간의 심리 [환경읽어드립니다],https://youtube.com/watch?v=z0rr_1uSazc&pp=ygUG7ZmY6rK9,15만회,2년 전
지구가 아파요~T^T 우리 환경의 경고! 환경동화 동요 애니메이션 모음 ★지니키즈,https://youtube.com/watch?v=QRXHTOgTuY8&pp=ygUG7ZmY6rK9,125만회,7년 전
"최고다! 호기심딱지 시즌4 - 지구의 위기, 지구 온난화!",https://youtube.com/watch?v=BmadYeBpmDY&pp=ygUG7ZmY6rK9,44만회,3년 전
[한국경제TV LIVE] No.1 경제/증권 채널,https://youtube.com/watch?v=NJUjU9ALj4A&pp=ygUG7ZmY6rK9,69만회,1년 전
세계 물의 날 기념: 환경 보호를 위한 노래 | 주니토니와 함께하는 지구 사랑,https://youtube.com/watch?v=aEM4IDldSns&pp=ygUG7ZmY6rK9,5.1만회,1시간 전
"[오늘 이 뉴스] ""음주는 불가능"" 검찰 해명에 ""술판 충분히 가능"" 재반박 (2024.04.18/MBC뉴스)",https://youtube.com/watch?v=NM4yAvRuMKA&pp=ygUG7ZmY6rK9,4.4만회,1년 전
"[#벌거벗은세계사] (50분) ""지구는 말기 암 환자"" 환경문제의 심각성을 알리는 경고 시그널?? 인간이 불러온 재앙 몰아보기 | #나중에또볼동영상",https://youtube.com/watch?v=Bd2vASlbXl4&pp=ygUG7ZmY6rK9,5.4만회,4개월 전
소비자가 분리배출 열심히 할 동안 기업은 환경을 위해 어떤 노력을 했을까? / 스브스뉴스,https://youtube.com/watch?v=uktU7O9fx0w&pp=ygUG7ZmY6rK9,55만회,2년 전
분필로 지구위기 막는 법｜크랩,https://youtube.com/watch?v=xDQELq1csko&pp=ygUG7ZmY6rK9,16만회,1년 전
[다큐S프라임] 인류는 지구의 환경을 어떻게 바꾸어 놓았을까? / YTN 사이언스,https://youtube.com/watch?v=E8EAhg0v4_E&pp=ygUG7ZmY6rK9,15만회,3년 전
??미스터부우 「환경송」 모음집 l 재미있고 즐겁게 환경보호해요 l 환경송모음 l 인기동요모음 l +모음집,https://youtube.com/watch?v=Ss8NMhEilDE&pp=ygUG7ZmY6rK9,14만회,2년 전
"(Kor)내가 '이것'을 목숨 걸고 알리는 이유 | 타일러 '두 번째 지구는 없다' 저자, 방송인 | 자연 인류 멸종 생존 | 세바시 1357회",https://youtube.com/watch?v=y3vluszN6mM&pp=ygUG7ZmY6rK9,5.7만회,11개월 전
"분리수거 열심히 하고 있다면, 꼭 한번 생각해 봐야 할 사실들 / 스브스뉴스",https://youtube.com/watch?v=ObjSFRz_Jw8&pp=ygUG7ZmY6rK9,5.8천회,1년 전
그 많던 플라스틱 쓰레기는 다 어디로 갔을까? | 지구 환경 | 인류세 | 대멸종 | 기후 변화,https://youtube.com/watch?v=paTMvRhaqtI&pp=ygUG7ZmY6rK9,1.7천회,2년 전
"인간이 지구 망친다? ㄴㄴ 인간이 망함ㅠ - (feat. 핵폭발, 온실가스, 인류세)/스브스뉴스",https://youtube.com/watch?v=vPRCwivnS3w&pp=ygUG7ZmY6rK9,104만회,4년 전
유엔에서 격정연설 한 16살 '소녀 환경운동가' 툰베리 / 연합뉴스 (Yonhapnews),https://youtube.com/watch?v=rj6nhLYSq7c&pp=ygUG7ZmY6rK9,18만회,3개월 전
적막만 흐르는 극한의 환경 고비 사막. 물도 식물도 없는데 대체 왜 생태계가 유지될까?│몽골 유목민│자연 다큐│다큐프라임│#골라듄다큐,https://youtube.com/watch?v=rkfmyBiGiSI&pp=ygUG7ZmY6rK9,8.1만회,5년 전
"환경 파괴범 아보카도, 알고 먹는 거니?",https://youtube.com/watch?v=axdV3mH0QKA&pp=ygUG7ZmY6rK9,14만회,18시간 전
[핫클립] 농장의 환경을 자동으로 조절하는 스마트팜 / YTN 사이언스,https://youtube.com/watch?v=ZcY-rdYlbo4&pp=ygUG7ZmY6rK9,8.2만회,18시간 전
[EBS놀이터] 그린 조끼 구조대??｜송장벌레를 구해줘｜오랑우탄을 구해줘｜환경교육｜기후위기｜2편 모아보기,https://youtube.com/watch?v=rls1Mj_K6D4&pp=ygUG7ZmY6rK9,53만회,1년 전
땅 속에선 무슨 일이?ㅣ환경동화 연속보기 | 땅속박사ㅣ땅 속 친구들을 지켜줘요 | 환경과 생활 | 인기 과학동화 ★ 지니키즈,https://youtube.com/watch?v=NIIA-GcEBOk&pp=ygUG7ZmY6rK9,46만회,3년 전
SOS 나의 지구를 구해줘! ㅣ기후변화 ㅣ환경 공익광고,https://youtube.com/watch?v=0DTjy0SJyA4&pp=ygUG7ZmY6rK9,230회,10개월 전
"""불편해도 친환경이라 참고 썼는데…"" 그 종이 빨대 반전 / SBS / 실시간e뉴스",https://youtube.com/watch?v=CYHnOJv9xcI&pp=ygUG7ZmY6rK9,838회,4년 전
"""기후변화로 세상 망할 일 없어"" 툰베리 맞수 떠오른 독일 10대 / 연합뉴스 (Yonhapnews)",https://youtube.com/watch?v=ewXewVwHkpI&pp=ygUG7ZmY6rK9,22만회,10개월 전
한국환경공단｜물 분야 사업 홍보영상,https://youtube.com/watch?v=ol6YBTDRLLU&pp=ygUG7ZmY6rK9,6.3만회,10개월 전
10분?환경송 모음집?? | 환경의 날 | 동요모음 | 인기동요 | 어린이동요 | 로티프렌즈,https://youtube.com/watch?v=CvgUWp6e2nM&pp=ygUG7ZmY6rK9,56만회,1년 전
이게 환경보호..? 바다에 타이어 200만 개 던져버린 1970년대 미국｜크랩,https://youtube.com/watch?v=_XBJStTQL8w&pp=ygUG7ZmY6rK9,12만회,5년 전
우리가 무심코 쓴 플라스틱이 모여 아주 큰 나라가 됐다는 사실,https://youtube.com/watch?v=6vSE2eBh-Do&pp=ygUG7ZmY6rK9,1.8천회,1년 전
달걀 1개만 깨져도 한 판이 통째로 쓰레기통으로! 음식물 쓰레기의 진실  [2021-2022 UHD환경스페셜 38편 먹다 버릴 지구는 없다] / KBS 20220310 방송,https://youtube.com/watch?v=jSiCUO6mZOc&pp=ygUG7ZmY6rK9,21만회,5년 전
플라스틱 먹는 애벌레..환경문제 해결사될까 / KBS뉴스(NEWS),https://youtube.com/watch?v=O8gnVjXYhpI&pp=ygUG7ZmY6rK9,172만회,4년 전
우리함께 지켜요,https://youtube.com/watch?v=g8cY5smZZSM&pp=ygUG7ZmY6rK9,38만회,2개월 전
플라스틱을 땔감 삼아 요리하는 사람들! 선진국의 온갖 폐기물이 몰려드는 동남아 쓰레기 마을 르포ㅣKBS다큐인사이트-지속 가능한 지구는 없다 2부 재활용 식민지 24.01.18 방송,https://youtube.com/watch?v=egY82rEpArw&pp=ygUG7ZmY6rK9,22만회,5년 전
우리 주변을 안전하게 만드는 방법!│환경오염 예방/안전한 가정환경│아이쿠 2화씩 이어보기 #22,https://youtube.com/watch?v=L7fbvMquGI4&pp=ygUG7ZmY6rK9,1.6만회,7개월 전
"[기후환경 리포트] 태양과 화산까지 가세했다, 기후변화 저지선 풍전등화 (2023.09.11/뉴스투데이/MBC)",https://youtube.com/watch?v=2ulZLBer8ZU&pp=ygUG7ZmY6rK9,4.9만회,2년 전
옷이 지구를 망친다?! 환경 오염의 주범인 옷! 우리가 몰랐던 패션의 뒷이야기 | 지구인 더 하우스 2 회,https://youtube.com/watch?v=cJTR-0oyfoY&pp=ygUG7ZmY6rK9,30만회,9개월 전
‘도로 점거’ 환경단체 향해 트럭으로 돌진? / KBS 2023.07.14.,https://youtube.com/watch?v=A974JoSfiM4&pp=ygUG7ZmY6rK9,47만회,2년 전
송길영 박사 | 요즘 사람들이 환경운동을 한 뒤에 꼬옥~ 한다는 '이것'? 빅데이터로 알아보는 환경 트렌드?? [환경읽어드립니다],https://youtube.com/watch?v=mJDV_BPsRBQ&pp=ygUG7ZmY6rK9,5.9만회,5일 전
"""자연 파괴에 책임 느껴""..전 재산 환경단체 기부 (뉴스데스크 2024.4.12 광주MBC)",https://youtube.com/watch?v=PB1btGEMS0U&pp=ygUG7ZmY6rK9,1.6만회,1년 전
"종이 빨대 계속 써야 할까요? 종이로 하는 환경보호! / 최재천의 아마존, 전지적 관찰자 시점",https://youtube.com/watch?v=qGmbCFLJSW4&pp=ygUG7ZmY6rK9,8.4만회,1년 전
"“응~ 시위해, 난 집에 갈거야”, 폭스바겐의 뜻밖의 대응 / 14F",https://youtube.com/watch?v=EL4KdP4W6b8&pp=ygUG7ZmY6rK9,4.4만회,1년 전
기후 위기에서 살아남는 법 | 곽재식 숭실사이버대학교 환경안전공학과 교수 #환경 #생존 #전략  @부천문화재단 ?,https://youtube.com/watch?v=bOBpUEN0jiE&pp=ygUG7ZmY6rK9,519회,1년 전
"홍수, 가뭄, 화재.. “지옥으로 가는 길을 돌이킬 수 없을 것이다” [21-22 UHD환경스페셜 기후변화 특집 지구의 경고 8편 그랜드 에필로그 위대한 전환] KBS 211216",https://youtube.com/watch?v=R8D64WD02DQ&pp=ygUG7ZmY6rK9,16만회,9년 전
환경탐정 푸루 4화(토양오염 편),https://youtube.com/watch?v=gXioTiVyG2E&pp=ygUG7ZmY6rK9,198만회,3일 전
"""자연 파괴에 책임 느껴""‥전 재산 환경단체 기부 (2024.04.12/뉴스데스크/광주MBC)",https://youtube.com/watch?v=-oocdGIiF1k&pp=ygUG7ZmY6rK9,8.5만회,10개월 전
"환경단체, 트레비 분수에 '먹물 테러'‥""오히려 30만 톤 물 낭비"" (2023.05.22/뉴스데스크/MBC)",https://youtube.com/watch?v=spJNZq7fPeQ&pp=ygUG7ZmY6rK9,34만회,3년 전
"환경 보호에 진심인 한국인, 그런데 해조류를 곁들인｜크랩",https://youtube.com/watch?v=T7LzVtGDwXI&pp=ygUG7ZmY6rK9,7.2만회,2년 전
"장항석 교수 | 꾸준히 증가하는 암, 환경 오염 때문일까? 인류 문명의 대전환을 가져다준 질병 대란 [환경읽어드립니다]",https://youtube.com/watch?v=OYO4DoAl9ro&pp=ygUG7ZmY6rK9,10만회,4년 전
입천장 까지도록 와그작이 알려주는 환경 지키는 7가지 꿀팁,https://youtube.com/watch?v=NcSUweIWMTc&pp=ygUG7ZmY6rK9,26만회,7개월 전
[자막뉴스] 환경 보호하려고 환경 파괴? 반년이 지나 다시 가봤습니다 / YTN,https://youtube.com/watch?v=5IU5rsSzl0o&pp=ygUG7ZmY6rK9,50만회,1년 전
[삼림파괴 주식회사②] 친환경 연료 만든다며 동남아 환경 파괴..공급망 추적 - 뉴스타파,https://youtube.com/watch?v=Z40VEaf3Dbs&pp=ygUG7ZmY6rK9,2.7만회,1년 전
"살아있는 젖소 뱃속에서 나온 90Kg의 비닐 쓰레기! [UHD환경스페셜2 11편 글로벌 환경 기획, 불편한 질문] / KBS 20230304 방송",https://youtube.com/watch?v=DUa_-b2Lmuo&pp=ygUG7ZmY6rK9,12만회,3년 전
도시와 바다의 환경 문제를 한번에 해결하는 26살 청년의 아이디어,https://youtube.com/watch?v=VJAt3DcgrPg&pp=ygUG7ZmY6rK9,3.4만회,1년 전
[밀착카메라] 깨끗한 거리 만드는 환경미화원…정작 노동 현실은 / JTBC 뉴스룸,https://youtube.com/watch?v=68uwrG7O6Q4&pp=ygUG7ZmY6rK9,6.8천회,5년 전
민주당 부산시의원 환경미화원 임금 발언 논란 / 비디오머그,https://youtube.com/watch?v=mMEGfNVb7-k&pp=ygUG7ZmY6rK9,4.1만회,1년 전
환경영향평가 45년 만에 손질…‘의무’→‘선별’평가 추진 / KBS  2022.08.26.,https://youtube.com/watch?v=O-z66oRULOU&pp=ygUG7ZmY6rK9,5.2만회,3년 전
독일 프라이부르크가 환경도시로 거듭난 이유 [다큐ON] 20201010 (KBS 201010 방송),https://youtube.com/watch?v=BkhiNtZwo-o&pp=ygUG7ZmY6rK9,1.5만회,10개월 전
환경교육사 홍보영상,https://youtube.com/watch?v=naO_Jt2R_xM&pp=ygUG7ZmY6rK9,246만회,1년 전
환경송!??????  지구를 사랑하는 일,https://youtube.com/watch?v=WHbcv6VVJG0&pp=ygUG7ZmY6rK9,4.3천회,5년 전
함께해요 환경사랑,https://youtube.com/watch?v=SP19UPKNBLE&pp=ygUG7ZmY6rK9,8만회,1년 전
"또 환경미화원 추락, 의식불명…안전지침 있는데 현장은 / SBS 8뉴스",https://youtube.com/watch?v=2vVhW611_h8&pp=ygUG7ZmY6rK9,2.8천회,3년 전
"??3,4,5,6 환경기념일ㅣ3,4,5,6 Environment day",https://youtube.com/watch?v=1kIH8SyrzuM&pp=ygUG7ZmY6rK9,7천회,1년 전
환경단체 먹물 투척 시위에 '로마의 휴일' 촬영 명소 검게 변해 #shorts,https://youtube.com/shorts/sQqZLn5QOss,21만회,7년 전
한국환경공단 - 인간도 멸종될 수 있습니다,https://youtube.com/watch?v=MqUCO-UZCCo&pp=ygUG7ZmY6rK9,4.3만회,1년 전
"""케이블카는 환경 파괴"" ↔ ""등산객 줄어 오히려 도움""",https://youtube.com/watch?v=YqlpzrjUFYc&pp=ygUG7ZmY6rK9,4.8천회,1개월 전
"유전자, 환경 뿐만 아니라 엄마 뱃속에서의 삶의 질이 나머지 삶을 끌고 간다는 '태아 프로그래밍' 이론ㅣ출산율을 걱정하는 시대, 오히려 출산의 질에 주목한다ㅣ다큐프라임ㅣ#골라듄다큐",https://youtube.com/watch?v=eQ7FnUP9A_I&pp=ygUG7ZmY6rK9,14만회,4년 전
"[티비냥] 플라스틱으로 죽어가는 지구와 동물들, 생각보다 더 충격적인 환경 오염 | 프리한19 181218 #3",https://youtube.com/watch?v=BaeVPJ0dhC4&pp=ygUG7ZmY6rK9,25만회,11개월 전
[기상센터] 기후변화를 줄이는…간단한 '환경보호' 실천법 / JTBC 뉴스룸,https://youtube.com/watch?v=4ho4mQBMduw&pp=ygUG7ZmY6rK9,1.1만회,5일 전
[인천환경공단] 안전홍보영상 - Start Now! Safety First!,https://youtube.com/watch?v=8QqxvhVLuJA&pp=ygUG7ZmY6rK9,48만회,6일 전
환경사업 통합 브랜드 're' 시작,https://youtube.com/watch?v=a5b46Hk-UQI&pp=ygUG7ZmY6rK9,7.9만회,1년 전
기후변화로 몸살 앓는 지구별...환경시위도 독해졌다 / YTN,https://youtube.com/watch?v=CI7eeWUMwtI&pp=ygUG7ZmY6rK9,2.4천회,1년 전
쓰레기에 중독된 코끼리 [UHD환경스페셜2 5편 데드존1-플라스틱 코끼리] / KBS 20230114 방송,https://youtube.com/watch?v=ouruW-J4-0U&pp=ygUG7ZmY6rK9,217회,10개월 전
[자막뉴스] 기후활동가들 로마 트레비분수에 먹물 쫙! 환경운동이냐 물 낭비냐 '논란'/ 연합뉴스TV (YonhapnewsTV),https://youtube.com/watch?v=OYB6XrFi8OE&pp=ygUG7ZmY6rK9,3.8만회,13일 전
흩어진 환경정보 한곳에서 확인하는 방법은? ??ㅣ우리동네 환경정보 [환경보따리],https://youtube.com/watch?v=I3pV3-SKaxc&pp=ygUG7ZmY6rK9,5.8천회,9개월 전
통영 시민환경단체 후쿠시마 오염수 반대 단식농성 (2023.06.21/뉴스데스크/MBC경남),https://youtube.com/watch?v=AnIlL-ppZ5w&pp=ygUG7ZmY6rK9,4.7만회,1년 전
"싸늘해진 대중들 반응에… 과격 시위 고집했던 환경 운동가들, 이젠 “중단하겠다” / 14F",https://youtube.com/watch?v=1FhdCYbTLPw&pp=ygUG7ZmY6rK9,1천회,3년 전
기후환경을 지키는 엉뚱한 상상,https://youtube.com/watch?v=InXmVYzAm9Q&pp=ygUG7ZmY6rK9,1.9만회,10개월 전
?환경을 푸는 언박싱? 예능 블루칩 광희와 함께합니다?? | KBS 방송,https://youtube.com/watch?v=Ycmt2gH3AtE&pp=ygUG7ZmY6rK9,3.3천회,5년 전
지구 환경 보호를 위한 22가지 놀라운 발명품,https://youtube.com/watch?v=Q-0DXwxcmGk&pp=ygUG7ZmY6rK9,5.1만회,2년 전
"인류가 위험에 처했다? 영화감독, 배우, 청소년 환경운동가가 사피엔스 스튜디오에 모인 이유는?",https://youtube.com/watch?v=bvksCFnV6VE&pp=ygUG7ZmY6rK9,355만회,4년 전
새벽부터 아침까지... 환경 미화원의 하루,https://youtube.com/watch?v=tLKF-aCJ4iU&pp=ygUG7ZmY6rK9,1.4천회,3년 전
환경은 모두에게 공정한가? | #환경정의 | #환경불평등,https://youtube.com/watch?v=He8bEyijPaE&pp=ygUG7ZmY6rK9,37만회,1년 전
현수막 대부분 소각…환경오염 나몰라라 | 뉴스A,https://youtube.com/watch?v=lka9YEINeCY&pp=ygUG7ZmY6rK9,9.2천회,2년 전
[대한민국 환경 1교시] 2편 - 기후 미식회 | KBS 210602 방송,https://youtube.com/watch?v=Jcq-jUyPsnE&pp=ygUG7ZmY6rK9,1.4만회,4년 전
"""어른들에 미래 못 맡겨""…10대들 '환경운동' 전면에 (2019.09.26/뉴스데스크/MBC)",https://youtube.com/watch?v=nY2vpx_p1Ak&pp=ygUG7ZmY6rK9,7.4천회,1년 전
사람과 세상을 지키는 환경연구 | 국립환경과학원,https://youtube.com/watch?v=cXAE_v1rK-M&pp=ygUG7ZmY6rK9,4천회,9년 전
[Abnormal Summit] 재미있는 세계의 '환경 캠페인' 지구를 살려라! 비정상회담 27회,https://youtube.com/watch?v=bCOppyo9ktY&pp=ygUG7ZmY6rK9,1.4만회,10개월 전
시멘트 공장 환경 오염 심각…“건강권 위협” / KBS  2023.06.03.,https://youtube.com/watch?v=hSkXs93xECI&pp=ygUG7ZmY6rK9,7.9천회,1년 전
신뢰 잃은 '환경영향평가' 도리어 완화? (2022.10.11/뉴스투데이/MBC),https://youtube.com/watch?v=LvIv_fyag4w&pp=ygUG7ZmY6rK9,3.1천회,2년 전
[대한민국 환경 1교시] 1편 - 지구는 우리가 지켜요! | KBS 210601 방송,https://youtube.com/watch?v=QuV1WRsBOCg&pp=ygUG7ZmY6rK9,1.5만회,2주 전
"""환경 파괴해놓고""…가이아나 대통령, BBC와 언쟁 화제 #소셜픽 / JTBC 아침&",https://youtube.com/watch?v=-YYjXPHJ_qE&pp=ygUG7ZmY6rK9,1만회,4년 전
지구가 몸살났어요 | 지혜동화 | 어린이동화 | 창작동화 | 구연동화 | 깨비 인기동화 | 깨비키즈 KEBIKIDS,https://youtube.com/watch?v=jYUrU3H1FIc&pp=ygUG7ZmY6rK9,4.4천회,1년 전
"우크라 정부 ""우크라 전쟁 환경피해 67조""...첫 전시 생태계 파괴 조사 / YTN 사이언스",https://youtube.com/watch?v=yUMWseVz-Y8&pp=ygUG7ZmY6rK9,5.4만회,1년 전
[오늘의 주제] 세계 환경의 날!,https://youtube.com/watch?v=SK9HycUy3NU&pp=ygUG7ZmY6rK9,14만회,5년 전
북극곰이 울고 있데요ㅜㅜ 어떻게 도와줄 수 있을까요?  [도와줘요 아이쿠#19] | 환경 오염 예방 | 손인형,https://youtube.com/watch?v=uFu6FnId1KE&pp=ygUG7ZmY6rK9,180만회,2년 전
동화책 읽어주기/과학동화/지구와우주/환경동화/분리수거/환경과 생활/지구지킴이??,https://youtube.com/watch?v=zK4mSbcp2P8&pp=ygUG7ZmY6rK9,559회,1년 전
[핫클립] 환경을 위한 자원 순환 기술 / YTN 사이언스,https://youtube.com/watch?v=LjiSdOasy3I&pp=ygUG7ZmY6rK9,1.3만회,1년 전
※충격※ 온라인 동영상 시청이 환경 오염의 주범이라고?! 타 프로가 알려주는 충격 진실! | 지구인 더 하우스 6 회,https://youtube.com/watch?v=dbJS1r2ajcE&pp=ygUG7ZmY6rK9,9만회,2년 전
밤새 3만 걸음' 걷지만 앉아서 쉴 곳 없는 환경미화원 [MBN 종합뉴스],https://youtube.com/watch?v=qJ8gTCKSEn0&pp=ygUG7ZmY6rK9,10만회,10개월 전
제 멋대로 등급 조정'.. 환경영향평가 왜 하나? | 전주MBC 230529 방송,https://youtube.com/watch?v=8LHscy8kzEY&pp=ygUG7ZmY6rK9,910회,2년 전
황창연 신부의 행복특강│21세기는 환경의 시대 4부 - 교회와 환경운동,https://youtube.com/watch?v=tMzUEyJYVhY&pp=ygUG7ZmY6rK9,2.2천회,1년 전
[단독] 정년 2년 앞두고…'만취' 차량에 환경미화원 참변 / SBS,https://youtube.com/watch?v=kJ7KEs9VVZs&pp=ygUG7ZmY6rK9,7.1천회,4년 전
[다큐3일] 환경미화원 3일  -그들만의 여행 [풀영상 다시보기],https://youtube.com/watch?v=1B8Med4PG4s&pp=ygUG7ZmY6rK9,1.6천회,3년 전
[궁금한S] 극한 환경에서도 살아남는 생물들의 이색 생존방식은?   / YTN 사이언스,https://youtube.com/watch?v=Ca5r7Run99M&pp=ygUG7ZmY6rK9,14만회,10개월 전
전국 첫 환경미화원 근력 보조장치 도입…드는 힘 30% 완화 [전국네트워크],https://youtube.com/watch?v=L1-ByxL1alo&pp=ygUG7ZmY6rK9,35만회,3년 전
"어머니, 저는 술을 마시는 게 아니라 환경을 지키는 겁니다?? / 스브스뉴스",https://youtube.com/watch?v=PyJARTV5Z74&pp=ygUG7ZmY6rK9,20만회,3년 전
땅속탐험｜11월동화｜땅속동물 알아보기｜환경과생활,https://youtube.com/watch?v=iuEQeYD_cEQ&pp=ygUG7ZmY6rK9,3.1만회,4년 전
탄소배출 줄이려…요트로 대서양 건넌 10대 환경운동가,https://youtube.com/watch?v=FzKycnaA3u4&pp=ygUG7ZmY6rK9,4.2천회,5년 전
미세먼지 속에서 일하는 환경미화원,https://youtube.com/watch?v=KPI03UoR6O8&pp=ygUG7ZmY6rK9,8만회,3년 전
올바른 환경오염 신고 방법과 대처 방법 함께 알아보아요~!,https://youtube.com/watch?v=ooVjW2UsJsk&pp=ygUG7ZmY6rK9,36만회,6일 전
닭장에 들어온 황구렁이가 맞이한 뜻밖의 최후??! | KBS 환경스페셜 060524 방송,https://youtube.com/watch?v=pE31T1n6u4Q&pp=ygUG7ZmY6rK9,1.6만회,6개월 전
"환경운동, ‘과격의 일상화’ 우려 [뉴스in뉴스] / KBS  2023.09.20.",https://youtube.com/watch?v=WQgxcSikLrY&pp=ygUG7ZmY6rK9,7.2천회,2년 전
골프장 지으려 벌목하는데‥'오락가락' 환경영향평가 (2022.02.28/뉴스투데이/MBC),https://youtube.com/watch?v=ZOrPQVdpmmY&pp=ygUG7ZmY6rK9,2.6천회,3년 전
[SK그룹] 지구 환경을 지키는 기업들의 공통점은? (feat. SK그룹 ESG경영),https://youtube.com/watch?v=xwv49vfdS5M&pp=ygUG7ZmY6rK9,20만회,1년 전
폐암' 위험에도 개선되지 않는 환경미화원 근무 환경 / KBS  2022.11.04.,https://youtube.com/watch?v=Qt11u9rJ_44&pp=ygUG7ZmY6rK9,695회,9개월 전
"""옷도 없이 몸 그대로…"" 새벽 환경미화원 '경악' (자막뉴스) / SBS",https://youtube.com/watch?v=ReIX6oh5umg&pp=ygUG7ZmY6rK9,4.5천회,8개월 전
"독일, ‘진정한 가격’ 환경 캠페인  / KBS  2023.08.08.",https://youtube.com/watch?v=CxsmQ9MdED4&pp=ygUG7ZmY6rK9,5.4만회,4년 전
[비정상회담][63-4] 세계 환경오염 실태! 대기 오염으로 고통 받는 중국 (Abnormal Summit),https://youtube.com/watch?v=v5jy1be2LXw&pp=ygUG7ZmY6rK9,1.2만회,2년 전
"(Ko, En, Ger) 기후난민 대신 기후시민이 되어주세요 | 윤순진 서울대학교 환경대학원 교수 | 기후위기 환경 에너지  | 세바시 1355회",https://youtube.com/watch?v=F0Lnd7FDq8c&pp=ygUG7ZmY6rK9,37만회,1년 전
"제주 환경자원, 벌써 '절반' 훼손…수도권 수준 '난개발' 우려 / JTBC 뉴스룸",https://youtube.com/watch?v=4BV9Yj4RarI&pp=ygUG7ZmY6rK9,947회,7개월 전
[자막뉴스] 혈세 300억 투입 사업..환경부 6일 환경단체 1년 / KBS 2023.08.23.,https://youtube.com/watch?v=yQpe0eQXb_Q&pp=ygUG7ZmY6rK9,39만회,1년 전
예술이 된 비닐쓰레기...환경 주제 교육전시 시작 / YTN,https://youtube.com/watch?v=qDp2XM61R5o&pp=ygUG7ZmY6rK9,3.2만회,1년 전
"해발 1,000m 초토화...허술한 '환경영향평가' / YTN",https://youtube.com/watch?v=hvYz8VoTxUQ&pp=ygUG7ZmY6rK9,5.9천회,6년 전
하루 12km 뜀박질'…골병드는 환경미화원 / SBS,https://youtube.com/watch?v=pP2e2KXqRQY&pp=ygUG7ZmY6rK9,1.3천회,1년 전
독일 프라이부르크 환경정책...순천시 모델로 (뉴스데스크 2023.2.28 광주MBC),https://youtube.com/watch?v=s8EtjkW0-ho&pp=ygUG7ZmY6rK9,1.8천회,1년 전
환경영향평가 ‘의무’→‘선별’ 평가 추진…환경단체 반발 / KBS  2022.08.26.,https://youtube.com/watch?v=DD7Cfo0s7ro&pp=ygUG7ZmY6rK9,5천회,1년 전
"우리 모두 공동의 집, 지구를 돌보는 방법 [UHD환경스페셜 기후변화 특집 지구의 경고 2편 100인 리딩쇼, 지구, 우리 모두의 집] / KBS 20210715 방송",https://youtube.com/watch?v=ZhVl4PObVhM&pp=ygUG7ZmY6rK9,6.2천회,11개월 전
[글로벌K] 담배꽁초로 인한 환경오염…‘결자해지 합시다’ / KBS  2023.04.26.,https://youtube.com/watch?v=z59BoOqNA1w&pp=ygUG7ZmY6rK9,620회,1년 전
"꼭 알고 있어야할 생활속 환경호르몬과 문제점, 제거방법을 알려드립니다",https://youtube.com/watch?v=_wY2ggfzRfU&pp=ygUG7ZmY6rK9,732회,4개월 전
우리가 종이빨대 쓸 때 기업은 어떤 노력을 했을까 (ft. 통합환경관리제도) / 비디오머그,https://youtube.com/watch?v=CueBuSTHu_E&pp=ygUG7ZmY6rK9,4천회,2일 전
유혈목이가 힘들게 잡은 개구리를 뱉어난 이유..??? | KBS 환경스페셜 060524 방송,https://youtube.com/watch?v=vi4y1sSH7fg&pp=ygUG7ZmY6rK9,1.9천회,4일 전
"환경보호 비용, 누가 내야 하는가",https://youtube.com/watch?v=94NA8HEA3e4&pp=ygUG7ZmY6rK9,5.3만회,3년 전
"[탄소중립 환경동화] 엄마, 탄소중립이 뭐예요? (1편)",https://youtube.com/watch?v=KpC8LDpOb0Y&pp=ygUG7ZmY6rK9,6.5천회,9개월 전
한국환경공단｜통합물관리를 위한 물분야 사업 홍보영상,https://youtube.com/watch?v=EcIxUEGBE8s&pp=ygUG7ZmY6rK9,1만회,10개월 전
[현장속으로] 오늘은 ‘환경의 날’…작은 실천이?지구를 살립니다! / KBS  2023.06.05.,https://youtube.com/watch?v=1OTBY6rVBk4&pp=ygUG7ZmY6rK9,57만회,2년 전
환경영향평가 5분 뚝딱 정리 | 공탁제 | 자연자원총량제 | 위클리어스 컨닝노트,https://youtube.com/watch?v=NYGaDYxRLSI&pp=ygUG7ZmY6rK9,7.2만회,1년 전
※충격※ 육식이 환경을 오염시킨다?! 육식이 유발하는 기후 위기 | 지구인 더 하우스 10 회,https://youtube.com/watch?v=fD_OPcOCcL4&pp=ygUG7ZmY6rK9,760회,3년 전
[글로벌K] 자원 개발 vs 환경 보존…지구촌 곳곳 ‘고민’ / KBS 2021.04.13.,https://youtube.com/watch?v=XutlFF_QZ5M&pp=ygUG7ZmY6rK9,1.2천회,3년 전
경쟁률 58대1...'고시'가 된 환경미화원 시험 / YTN,https://youtube.com/watch?v=BtllfOHxW_I&pp=ygUG7ZmY6rK9,9.2천회,7년 전
환경호르몬이 나오지 않는 안전한 플라스틱 / YTN 사이언스,https://youtube.com/watch?v=XqOxBZF4fhI&pp=ygUG7ZmY6rK9,2.7천회,1년 전
"섬의 고요를 깨는 총소리, 멧돼지 포획 현장 [환경스페셜 - 섬으로 간 동물들] / KBS 20060125 방송",https://youtube.com/watch?v=zRD3xm7VXm0&pp=ygUG7ZmY6rK9,3.7만회,4년 전
(ENG SUB) 일본 고래사냥 재개에 분노한 해적같은 해양 환경보호단체 시셰퍼드(Sea shepherd)/ 스브스뉴스,https://youtube.com/watch?v=BIOrsF88pHQ&pp=ygUG7ZmY6rK9,41만회,1년 전
[기후환경 리포트] 3년 모으면 달까지‥'썩는 플라스틱'이 해결책? (2022.07.29/뉴스투데이/MBC),https://youtube.com/watch?v=cM1kceMNm1Q&pp=ygUG7ZmY6rK9,1.6만회,1년 전
대담 [2023 주목해야할 환경 이슈] KBS제주 230103방송,https://youtube.com/watch?v=UXGn-i3YNHs&pp=ygUG7ZmY6rK9,35만회,4년 전
"플라스틱, 비닐 규제.. 진짜 환경에 도움이 되긴 할까 / 14F",https://youtube.com/watch?v=nfUhy9y9RFc&pp=ygUG7ZmY6rK9,638만회,11년 전
환경오염에는 어떤 종류가 있을까?  |  환경오염과 보존송  |  과학송,https://youtube.com/watch?v=Q5nZw4j0NHM&pp=ygUG7ZmY6rK9,1.8만회,4년 전
최초 제작 의도는 '환경보호'였다? 비닐봉지의 역사/ 연합뉴스 (Yonhapnews),https://youtube.com/watch?v=zX1h8tpgr4I&pp=ygUG7ZmY6rK9,248회,1년 전
[기후환경리포트] 동해와 서해에서 2천 개나 발견됐다. 북한에서 넘어온 이것들의 정체는? (2022.04.26/MBC뉴스),https://youtube.com/watch?v=gNJ14zB8q8o&pp=ygUG7ZmY6rK9,2.4만회,4년 전
??환경송 - 왜 그럴까?｜뚝딱뚝딱 미스터부우｜환경특파원｜환경보호 애니메이션｜The Environment Song for Kids,https://youtube.com/watch?v=O2zZo-dgL4g&pp=ygUG7ZmY6rK9,24만회,2년 전
101초 환경 이야기 《당신이 꼭 알아야 할 환경 호르몬》,https://youtube.com/watch?v=2t3hnmVJ32Y&pp=ygUG7ZmY6rK9,1만회,2년 전
직업탐구- 별일입니다 - 환경 영향 평가사 김지연,https://youtube.com/watch?v=xcsMetF8Flo&pp=ygUG7ZmY6rK9,2.4만회,4년 전
美 타임지 '올해의 인물'에 16살 환경운동가 툰베리 선정...역대 '최연소' / YTN,https://youtube.com/watch?v=gz8uySisIvE&pp=ygUG7ZmY6rK9,1.1만회,1년 전
여러번 지적됐지만 바뀌지 않는 환경미화원 열악한 근무 환경 / SBS / 모아보는뉴스,https://youtube.com/watch?v=MVFUNft2QCE&pp=ygUG7ZmY6rK9,1.7만회,1년 전
늘어가는 환경피해?? 어디에 하소연해야 할까요???? [환경분쟁조정제도],https://youtube.com/watch?v=5vv9NZ4fKhQ&pp=ygUG7ZmY6rK9,1.9만회,3년 전
2020. 07. 22 12년 만에 환경교사 뽑는다‥환경교육 전문화,https://youtube.com/watch?v=67f6fSQL-LI&pp=ygUG7ZmY6rK9,9.8천회,3년 전
경쟁률 58대1...'고시'가 된 환경미화원 시험 / YTN,https://youtube.com/watch?v=rlVodJpUMu0&pp=ygUG7ZmY6rK9,4.7천회,5년 전
원주민은 갈 곳 없는 주거환경개선사업 / KBS뉴스(News),https://youtube.com/watch?v=Af3in6JxRss&pp=ygUG7ZmY6rK9,1.2천회,1년 전
"법정에 선 환경운동가들‥법원도 ""기후위기 심각"" (2023.01.23/뉴스데스크/MBC)",https://youtube.com/watch?v=6kLbwzU286Q&pp=ygUG7ZmY6rK9,4.4천회,9개월 전
"與 “환경단체, 사드 괴담 유포”…“트집잡기” 반발 | 뉴스A",https://youtube.com/watch?v=IyuvFi_cmWE&pp=ygUG7ZmY6rK9,5.7만회,4년 전
환경과 생활/창작동화/누리동화/동화책 읽어주기/동화듣기,https://youtube.com/watch?v=c6V00SRos-s&pp=ygUG7ZmY6rK9,2천회,1년 전
"반년째 '유노동 무임금' 환경미화원들…""쌀 살 돈도 없다"" / JTBC 뉴스룸",https://youtube.com/watch?v=vxxpu_aU6ck&pp=ygUG7ZmY6rK9,8.1천회,2년 전
“휴게실 오가는데 40~50분”…환경미화원 아스팔트 위 찜통 휴식 / KBS 2021.07.21.,https://youtube.com/watch?v=lNMt6BvKwP4&pp=ygUG7ZmY6rK9,1.5만회,1년 전
"어린이들 뛰노는 바닥매트, 알고 보니 환경호르몬 범벅 / 연합뉴스TV (YonhapnewsTV)",https://youtube.com/watch?v=x7npmIeRFRI&pp=ygUG7ZmY6rK9,3.4만회,2년 전
"5년 차 환경운동가, 류준열 후원자의 용기있는 인터뷰",https://youtube.com/watch?v=mzoYEkX0SLY&pp=ygUG7ZmY6rK9,87만회,2년 전
[같이경제] 환경 지키고 돈도 벌고…자원 재활용 산업 / KBS 2021.06.30.,https://youtube.com/watch?v=HxMp3q1yRY0&pp=ygUG7ZmY6rK9,8.1천회,2년 전
[신선한 경제] 경유차 '환경개선부담금' 할인·감면받으려면? (2021.12.15/뉴스투데이/MBC),https://youtube.com/watch?v=ooeEjBQJeh4&pp=ygUG7ZmY6rK9,4.2천회,3년 전
인간 이기심의 결과? 환경파괴와 감염병의 연관성! | 미래수업 Living the New Normal EP.4,https://youtube.com/watch?v=FF5AnvKqMkI&pp=ygUG7ZmY6rK9,2.1만회,3년 전
"“코로나19가 환경 문제일까요?” 타일러, 지구를 뒤덮은 재앙의 시작!ㅣ집사부일체(Master in the House)ㅣSBS ENTER.",https://youtube.com/watch?v=mmEITgzmX5k&pp=ygUG7ZmY6rK9,5.6천회,1년 전
2억대 장치를 60만 원에…환경관리원의 기발한 제안 / SBS,https://youtube.com/watch?v=s1FFqnUYAVE&pp=ygUG7ZmY6rK9,3.5천회,3년 전
[OFFICIAL] 가장 주목 받고 있는 '환경 산업' 에 대한 오해와 진실!,https://youtube.com/watch?v=o3xqhcO5yL8&pp=ygUG7ZmY6rK9,2.8만회,2년 전
인공눈 100%로 치르는 베이징올림픽…환경 피해 논란 / JTBC 뉴스룸,https://youtube.com/watch?v=OpncY0fW_Qk&pp=ygUG7ZmY6rK9,21만회,10개월 전
바다 쓰레기 '줍깅'.. 환경교육 실천 (2023.05.31/뉴스데스크/목포MBC),https://youtube.com/watch?v=Dh6nFizuGwg&pp=ygUG7ZmY6rK9,272만회,5년 전
"환경보호, 즐거운 놀이가 되다…'트래시태그 챌린지' / 연합뉴스 (Yonhapnews)",https://youtube.com/watch?v=PAayx7Kf27A&pp=ygUG7ZmY6rK9,1.3천회,1년 전
[EBS x 국토연구원] ep6. 경제와 환경의 상관관계 | KRIHSdocumentary,https://youtube.com/watch?v=1sb5QwNMBGQ&pp=ygUG7ZmY6rK9,5.8만회,11개월 전
"가장 가난한, 가장 행복한, 바람의 나라, 부탄 [환경스페셜-신년특집 물, 바람, 그리고 하늘의 나라 부탄] / KBS 20070110 방송",https://youtube.com/watch?v=4Ee0V33U6WU&pp=ygUG7ZmY6rK9,1.3천회,11개월 전
보호보다 개발에 방점‥환경부장관 맞나? (2023.05.10/뉴스데스크/MBC),https://youtube.com/watch?v=6_LQuWLe2XM&pp=ygUG7ZmY6rK9,7.4천회,7년 전
"환경미화원의 고충, 위험하고 힘들지만 '당당한 척'해야 하는 현실 김제동의 톡투유 94회",https://youtube.com/watch?v=r_S9epnrxZc&pp=ygUG7ZmY6rK9,14만회,4년 전
다큐 시선 - 당신이 몰랐던 환경수업 이야기_#001,https://youtube.com/watch?v=WaNz0SJLYiE&pp=ygUG7ZmY6rK9,11만회,2년 전
"01  자연, 생태, 환경의 개념과 관점",https://youtube.com/watch?v=D7UBiQn3mZI&pp=ygUG7ZmY6rK9,10만회,1년 전
일상회복에 버려지는 방역용품...환경오염 주범 되나? / YTN,https://youtube.com/watch?v=iJNqNH3TT5o&pp=ygUG7ZmY6rK9,2.3만회,2년 전
??해양 환경 오염을 해결하는 기술 ?? [#기술자들] / YTN 사이언스,https://youtube.com/watch?v=NL-SF3YftDI&pp=ygUG7ZmY6rK9,2.2만회,1년 전
"[뉴있저] ""해외에선 이미 의무화""...국내 환경교육 현실은? / YTN",https://youtube.com/watch?v=ki8-gw7WicA&pp=ygUG7ZmY6rK9,4.6천회,1년 전
"전세계 30% 환경보호 지정' 합의...""선진국 돈 더 내야"" 반발도 / YTN 사이언스",https://youtube.com/watch?v=GlW-nqhlpwg&pp=ygUG7ZmY6rK9,4.4천회,1년 전
"""사용해서 환경 지켜요""라더니…현실은 '그린 워싱'? / SBS 8뉴스",https://youtube.com/watch?v=OQCPamzZTOg&pp=ygUG7ZmY6rK9,1.8만회,1년 전
독일 프라이부르크 환경정책... 순천시 모델로... -R (230228화/뉴스데스크),https://youtube.com/watch?v=WQ7w6j-Qz0g&pp=ygUG7ZmY6rK9,7.8천회,2일 전
[OO씨인터뷰] 꾸준한 환경 보호 활동으로 설레는 삶을 살아가는 홍다경씨 인터뷰｜#신한라이프 #홍다경,https://youtube.com/watch?v=5zZ_2vjDDQ4&pp=ygUG7ZmY6rK9,300회,4년 전
타임지 올해의 인물에 ‘10대 환경운동가’ 툰베리…역대 최연소 / KBS뉴스(News),https://youtube.com/watch?v=w9ev0uasuBg&pp=ygUG7ZmY6rK9,2.3천회,4년 전
"??환경송 - 아야, 바다｜뚝딱뚝딱 미스터부우｜환경특파원｜환경보호 애니메이션｜The Environment Song for Kids｜Save Our Ocean",https://youtube.com/watch?v=mHV5fCbrgSM&pp=ygUG7ZmY6rK9,2천회,1년 전
환경오염 물질 '과불화화합물' 쉽게 분해하는 기술 / YTN 사이언스,https://youtube.com/watch?v=GtZ9CFhlz6E&pp=ygUG7ZmY6rK9,1.3만회,4년 전
[비정상회담][63-5] G들 즉석 토론♨ 환경 보호 규제 필요 VS 인식 개선 우선 (Abnormal Summit),https://youtube.com/watch?v=RyTRYu51XaI&pp=ygUG7ZmY6rK9,5천회,4개월 전
[현장영상] 평생 환경한거 맞아? 환경부 폐지하세요!... '툭' 끊어진 이성의 끈..결국 폭발한 장관,https://youtube.com/watch?v=ilr8i5LtdoY&pp=ygUG7ZmY6rK9,5.2만회,3년 전
빡공시대 고등통합사회 3강-자연 환경과 인간생활(현강판)-,https://youtube.com/watch?v=Uorgjibtsrs&pp=ygUG7ZmY6rK9,1.1천회,1년 전
"[환경다큐] 모든 것의 시작, 물",https://youtube.com/watch?v=rLi0ZcSG784&pp=ygUG7ZmY6rK9,19만회,10개월 전
"[기후환경 리포트] 최강의 슈퍼태풍이 출현한 이유, 세계기상기구도 놀랐다 (2023.06.12/뉴스투데이/MBC)",https://youtube.com/watch?v=EB_0F2TZDmY&pp=ygUG7ZmY6rK9,1.2만회,1년 전
"공무원, 환경미화원에 갑질 의혹 (뉴스데스크 2022.5.25 광주MBC)",https://youtube.com/watch?v=NBCE4470lI0&pp=ygUG7ZmY6rK9,20만회,11개월 전
"[기후환경 리포트] 엘니뇨 주의보 발령, 올여름 물폭탄·폭염 비상 (2023.04.24/뉴스투데이/MBC)",https://youtube.com/watch?v=WbG3hV5pDVc&pp=ygUG7ZmY6rK9,1.1천회,2년 전
[기후환경리포트] 유엔 기후변화리포트에서 알아야 할 단 하나! (2022.04.08 MBC뉴스),https://youtube.com/watch?v=dHZA3bDiozs&pp=ygUG7ZmY6rK9,120만회,10개월 전
"""땀 줄줄 흘리며 입었는데""‥운동복에서 환경호르몬 검출 (2023.05.19/뉴스데스크/MBC)",https://youtube.com/watch?v=7UaaIC4yVlc&pp=ygUG7ZmY6rK9,2천회,1년 전
"청소년 환경운동가 툰베리, 독일 탄광촌 시위 중 연행 / 연합뉴스 (Yonhapnews)",https://youtube.com/watch?v=uJFyWOM3XSA&pp=ygUG7ZmY6rK9,82만회,3년 전
환경미화원 채용 '바늘구멍' (2020-11-06/MBC 뉴스투데이 부산),https://youtube.com/watch?v=fxnM5Wn_Zyo&pp=ygUG7ZmY6rK9,1.6만회,2년 전
환경미화원의 죽음을 둘러싼 진실 KBS 210519 방송,https://youtube.com/watch?v=Y5QfX8BVQt4&pp=ygUG7ZmY6rK9,4.1만회,3년 전
"‘청산유수’ 김동현, 메일이 환경오염에 미치는 영향에 막힘없는 설명!ㅣ집사부일체(Master in the House)ㅣSBS ENTER.",https://youtube.com/watch?v=K_fq-Z-WTkM&pp=ygUG7ZmY6rK9,1.5만회,1년 전
경찰이 쏜 총에 숨진 환경 운동가…시민들 항의 시위 / JTBC 뉴스룸,https://youtube.com/watch?v=hMx0Zk01OsM&pp=ygUG7ZmY6rK9,8.1천회,11개월 전
"초강력 접착제로 도로에 손 붙인 환경운동가...독일 경찰, 전동 드릴로 떼어내 / YTN",https://youtube.com/watch?v=FnNIxa46fR8&pp=ygUG7ZmY6rK9,23만회,7년 전
환경미화원 #2 | 고맙습니다! 환경미화원 아저씨 | 직업놀이★지니키즈,https://youtube.com/watch?v=TnIYuNI3wgQ&pp=ygUG7ZmY6rK9,2.3만회,2년 전
※귀여워서 심장 아픔 주의※ 요즘 초등학교 저학년 환경 교육 클라스★ / 스브스뉴스,https://youtube.com/watch?v=7mBOcp3j7mY&pp=ygUG7ZmY6rK9,6.8만회,1년 전
[핫클립] 규칙적 관리에도 불균형을 유발하는 환경호르몬 / YTN 사이언스,https://youtube.com/watch?v=gSKUcH7eUso&pp=ygUG7ZmY6rK9,4.2천회,2년 전
환경 미화원 급여는 '슬쩍'…일 안 한 부인에겐 '펑펑' (2021.04.27/뉴스데스크/MBC),https://youtube.com/watch?v=hQchIlgPaKw&pp=ygUG7ZmY6rK9,35만회,2년 전
[핫클립] MZ세대의 환경운동  / YTN 사이언스,https://youtube.com/watch?v=dlicfVTq7io&pp=ygUG7ZmY6rK9,14만회,11개월 전
폐기물 매립 환경오염 진실 공방(2023.5.15/뉴스데스크/MBC경남),https://youtube.com/watch?v=WDIxV4a6bNk&pp=ygUG7ZmY6rK9,3.4천회,4년 전
[김진이 간다]‘초봉 5천만 원’ 20대도 탐내는 환경미화원 | 뉴스A,https://youtube.com/watch?v=3oerL4ogXXQ&pp=ygUG7ZmY6rK9,67만회,9개월 전
24년도 환경기초시설 탄소중립프로그램 개편방안,https://youtube.com/watch?v=eSufL4I3HTI&pp=ygUG7ZmY6rK9,3.4천회,7년 전
"[주요 뉴스] KBS뉴스9 경남 ? 환경보호냐 개발이냐, 갈등 되풀이(2016.11.17.목)",https://youtube.com/watch?v=Obb-R59Y_nM&pp=ygUG7ZmY6rK9,1.6천회,1년 전
"[뉴있저] 올해 달라지는 환경 정책...""여러분도 줄일 준비 됐나요?"" / YTN",https://youtube.com/watch?v=r84D90RLNEg&pp=ygUG7ZmY6rK9,72만회,1년 전
[즐거운 환경 수업] 13. 환경 계기교육 (6.5 환경의 날),https://youtube.com/watch?v=fAxY0CChyf4&pp=ygUG7ZmY6rK9,498회,4년 전
[영상으로 배우는 미래유망직업] 환경공학자 편,https://youtube.com/watch?v=_MRkG8QSARg&pp=ygUG7ZmY6rK9,7.9만회,2년 전
KBS 환경스페셜 ? 파로호는 살아있다 / KBS 20061101 방송,https://youtube.com/watch?v=39YUPGtAsWs&pp=ygUG7ZmY6rK9,3.1천회,3년 전
?? 환경운동가들이 지구를 지키는 방법?,https://youtube.com/watch?v=zfpqcTlFE_g&pp=ygUG7ZmY6rK9,1.8천회,1년 전
예술이 된 비닐쓰레기...환경 주제 교육전시 시작 / YTN,https://youtube.com/watch?v=X3keqa72LJs&pp=ygUG7ZmY6rK9,6.6천회,1년 전
[글로벌K] '고흐 그림 훼손·도로 점거' 극단 치닫는 환경운동…이렇게까지 하는 이유는 / KBS  2022.10.31.,https://youtube.com/watch?v=Z3Pmi-o1Y9M&pp=ygUG7ZmY6rK9,20만회,3년 전
통합환경관리제도(국문),https://youtube.com/watch?v=ruHZS1A1haQ&pp=ygUG7ZmY6rK9,8.8만회,4년 전
환경보호 한다고 텀블러 썼는데... 오래 써야 효과? / KBS뉴스(News),https://youtube.com/watch?v=c3lyjUdmz-E&pp=ygUG7ZmY6rK9,2.1천회,1년 전
"대나무 숲의 생태비밀, 대숲의 주인은 누구인가? [환경스페셜-대숲에 깃들다] / KBS 20121107 방송",https://youtube.com/watch?v=dOTaOhflGno&pp=ygUG7ZmY6rK9,6.3천회,10개월 전
"""근무환경 위험한데 저임금""…기피 이유 있었다 / SBS 8뉴스",https://youtube.com/watch?v=ctjPyraI36E&pp=ygUG7ZmY6rK9,3.5천회,2년 전
의류 공장으로 더럽혀진 방글라데시의 땅 [UHD 환경스페셜] | KBS 210701 방송,https://youtube.com/watch?v=sKsloL7vUJE&pp=ygUG7ZmY6rK9,5.7천회,4년 전
"[환경캠페인] 환경오염과 기후위기, 6번째 대멸종을 부르는 인류",https://youtube.com/watch?v=XyTCJkWzDWA&pp=ygUG7ZmY6rK9,10만회,8일 전
"뱀파이어 오징어, 뇌가 보이는 물고기! 충격 심해 생물의 세계 [최초탐사 남태평양 심해를 가다] / KBS 20110605 방송",https://youtube.com/watch?v=XfEOi83ddlA&pp=ygUG7ZmY6rK9,73만회,4년 전
북구청 환경공무직 채용 평가 기준 불공정 시비 / 대구경북 현대HCN,https://youtube.com/watch?v=Dt9D_1HhmqE&pp=ygUG7ZmY6rK9,83만회,2년 전
101초 환경 이야기 《미세 플라스틱의 습격》,https://youtube.com/watch?v=2-touy7tyAk&pp=ygUG7ZmY6rK9,7.5만회,4년 전
환경호르몬 걱정 없는 슈퍼 바이오플라스틱 개발 / YTN 사이언스,https://youtube.com/watch?v=ARSxRal_eKw&pp=ygUG7ZmY6rK9,9천회,3년 전
쓰레기 괴물이다! | 환경보호 | 분리수거 | 할로윈동요 | 유아교육 | 베이비버스 인기동요,https://youtube.com/watch?v=7ghNX-C316Q&pp=ygUG7ZmY6rK9,7.4천회,3년 전
북극여행｜환경과생활｜지구온난화,https://youtube.com/watch?v=h0tT6bRHw0E&pp=ygUG7ZmY6rK9,6.4천회,6년 전
환경미화원 공채 인기 폭발 170418[대구경북 TBC뉴스],https://youtube.com/watch?v=T_0UPoMimJY&pp=ygUG7ZmY6rK9,2.3천회,2년 전
내가 사용한 컵뚜껑에서 환경호르몬 나올까? 1초 확인법 / 스브스뉴스,https://youtube.com/watch?v=bksTivSFmlY&pp=ygUG7ZmY6rK9,140만회,10년 전
환경부 분리배출교육용 애니메이션- 한국환경공단 xvid,https://youtube.com/watch?v=ro8cgMU8JAs&pp=ygUG7ZmY6rK9,10만회,2년 전
"해양생태계를 개선하는 바다지킴이, 해양환경공단/ YTN 사이언스",https://youtube.com/watch?v=m4fnwwIxx-Q&pp=ygUG7ZmY6rK9,7.2만회,9개월 전
"[기후환경 리포트] 하늘에서 바이러스가 후두둑, 신종 전염병의 공습 (2023.06.26/뉴스투데이/MBC)",https://youtube.com/watch?v=RtucLZ9YtWg&pp=ygUG7ZmY6rK9,2.1만회,11년 전
[tbsTV] 영등포구 환경미화원 경쟁률 10:1,https://youtube.com/watch?v=ZQz-r_aWKDo&pp=ygUG7ZmY6rK9,20만회,4년 전
자연'스럽게 생활 속에서 환경을 지킬 수 있는 방법! 환경보호 정책도 같이 알아봐요. | 내가 그리는 세상 | 02월 08일,https://youtube.com/watch?v=IQT7TwS_ok4&pp=ygUG7ZmY6rK9,739회,10개월 전
[환경교육주간 명사특강] 친환경 생활습관을 나누고! - 줄리안 퀸타르트,https://youtube.com/watch?v=Gc5AqrAMWmg&pp=ygUG7ZmY6rK9,221만회,1년 전
"[자막뉴스] 환경단체 회원들 ""방법이 있다""...수상한 제안 / YTN",https://youtube.com/watch?v=xtdVUWysigg&pp=ygUG7ZmY6rK9,3.4만회,2개월 전
[월드비전] 2024 꿈엽서그리기대회 l  월드비전 환경교육 '모두를 위한 물',https://youtube.com/watch?v=LvTe1tnX3bM&pp=ygUG7ZmY6rK9,7.7만회,6개월 전
콜롬비아는 환경운동가들의 지옥? / KBS  2023.09.19.,https://youtube.com/watch?v=1X_9OHJTnOM&pp=ygUG7ZmY6rK9,1.8천회,3년 전
"[고1 통합사회] 【1】 인간, 사회, 환경을 바라보는 관점(1단원 인간, 사회, 환경과 행복) ㅣ 통합사회 강의 ㅣ 통합사회 노트필기 ㅣ 통합사회 공부방법",https://youtube.com/watch?v=tlEB1cQsbAU&pp=ygUG7ZmY6rK9,1만회,11개월 전
[ET] ‘환경미화원 빗자루’의 뜻밖의 사실…이 환경미화원이 유명해진 까닭 / KBS  2023.04.19.,https://youtube.com/watch?v=2za-J2yfeA8&pp=ygUG7ZmY6rK9,4.1만회,8개월 전
???♀????♂? 잼버리 참가자들에게 ??자연·환경 체험 프로그램 지원 | 환경부,https://youtube.com/watch?v=tCeIPzPQwbA&pp=ygUG7ZmY6rK9,926회,1년 전
2023 환경 정책 방향 |  환경부 업무보고 전체 요약본,https://youtube.com/watch?v=UJrFxxf7E3w&pp=ygUG7ZmY6rK9,20만회,3년 전
무분별한 플라스틱과 비닐로 죽어가는 지구환경,https://youtube.com/watch?v=NJxKH8hDmFU&pp=ygUG7ZmY6rK9,3.6만회,1년 전
[라인 초대석] 20대 환경운동가의 ‘꿈’ / KBS  2022.06.04,https://youtube.com/watch?v=lE0pogrqNP8&pp=ygUG7ZmY6rK9,5만회,3년 전
창의체험 탐구생활 - 4. 환경을 부탁해 - 탐구1 기후가 변하고 있어요,https://youtube.com/watch?v=jlSGgnvI6Xg&pp=ygUG7ZmY6rK9,3.1천회,8개월 전
“결국 어느 순간에는 무너지겠죠. 인간도 자연의 일부니까”│상상을 초월하는 환경의 변화│이젠 진정으로 기후위기에 대처해야할 시대│하나뿐인지구│#골라듄다큐,https://youtube.com/watch?v=8d_wqhjzyGQ&pp=ygUG7ZmY6rK9,4.5만회,5년 전
범죄는 ′유전′이 아닌 ′잘못된 가정환경′의 문제 차이나는 클라스 36회,https://youtube.com/watch?v=mIoWNrHKwCM&pp=ygUG7ZmY6rK9,2.2천회,3년 전
[다큐3일] 환경미화원이 맞서는 쓰레기 전쟁 현장 속으로!  “당신의 빛나는 오늘  - 우리 동네 환경미화원 72시간” (KBS 210328 방송),https://youtube.com/watch?v=oDFxAAIxtJ0&pp=ygUG7ZmY6rK9,3.9천회,2년 전
환경오염송 | 지구송 | 지구를구해줘 | 앗!뜨거뜨거 | 환경송 | 지구를지켜라  | KIDSSONG  | 환경의날  | 인기동요 | 율동 동요 | 우리랑 율동해요 [우리랑 놀자],https://youtube.com/watch?v=OyHa-O1jygw&pp=ygUG7ZmY6rK9,8.2만회,2년 전
결국 버려질 음식 때문에 피해 받는 지구  [UHD 환경스페셜] | KBS 220310 방송,https://youtube.com/watch?v=C39lHwjn3js&pp=ygUG7ZmY6rK9,5.3천회,2년 전
[핫클립] 청년과 청소년이 주도하는 환경운동 / YTN 사이언스,https://youtube.com/watch?v=o15sN0yWbC8&pp=ygUG7ZmY6rK9,5.4만회,1년 전
[대담] 환경영향평가제도 문제점과 개선 방향은? / KBS  2023.01.31.,https://youtube.com/watch?v=1GHeIhP-Jx8&pp=ygUG7ZmY6rK9,2.4만회,1년 전
세계 물의 날 기념: 환경 보호를 위한 노래 | 주니토니와 함께하는 지구 사랑,https://youtube.com/watch?v=aEM4IDldSns&pp=ygUG7ZmY6rK9,5.3천회,1년 전
설 명절 환경미화원 근무중 사망 / 관악 HCN,https://youtube.com/watch?v=5tIymLyclZw&pp=ygUG7ZmY6rK9,2.5천회,7년 전
"[YTN 사이언스] 생활 속 환경분쟁, 어떻게 해결할까? / YTN 사이언스",https://youtube.com/watch?v=btcF0Dr88S0&pp=ygUG7ZmY6rK9,1.7천회,1년 전
‘금강산 남쪽 으뜸 산수’ 속리산 화양계곡의 사계 [환경스페셜-화양계곡 봄·여름·가을·겨울] / KBS 20040225 방송,https://youtube.com/watch?v=zlufO2PfqaA&pp=ygUG7ZmY6rK9,69만회,4년 전
쓰레기통에 그냥 버린 약 때문에 알 낳는 수컷 물고기/스브스뉴스,https://youtube.com/watch?v=M9ITliT-2UE&pp=ygUG7ZmY6rK9,3.4천회,11개월 전
"짧지만 화려한 곤충의 일생, 곤충 생존 대작전 [환경스페셜-여름방학 특별기획 곤충, 생존대작전 ] KBS 20050803 방송",https://youtube.com/watch?v=w7chT26b5rE&pp=ygUG7ZmY6rK9,2.7천회,2년 전
정지훈 교수 | 급속한 디지털 전환이 지구 환경을 보호한다?! 미래역사학자가 예측하는 지구의 미래 [환경읽어드립니다],https://youtube.com/watch?v=MJBtaDMY57k&pp=ygUG7ZmY6rK9,10만회,1년 전
환경오염으로 인해 죽어가고 있는 세계 곳곳 성스러운 강ㅣ세모이 [34회] / YTN2,https://youtube.com/watch?v=JiHskbLL57Q&pp=ygUG7ZmY6rK9,52만회,5년 전
"[소셜스토리] 누군가의 출근길을 청소해주는 나는, '환경미화원입니다'",https://youtube.com/watch?v=BVxLvGcInKw&pp=ygUG7ZmY6rK9,2.6만회,1년 전
[#프리한19] 환경보호의 탈을 쓴 종이 빨대의 실체?? 친환경이라는 포장에 속아 본질을 잃지 말자! | #샾잉,https://youtube.com/watch?v=P1F0UEB8-gk&pp=ygUG7ZmY6rK9,9.3천회,4년 전
"[전지적 전공시점 15편] 토목+환경+플랜트, 재미와 정이 달라붙는 사회환경공학부",https://youtube.com/watch?v=uFvEvFirx_o&pp=ygUG7ZmY6rK9,3.8천회,2년 전
"환경 호르몬 대표 선수! 비스페놀 A는 어디에 있나｜'환경호르몬, 누구냐 넌?' 계명찬 교수｜차이나는 클라스｜JTBC 190424 방송",https://youtube.com/watch?v=A5NEe1qIlJE&pp=ygUG7ZmY6rK9,2.3만회,11개월 전
2023 해양환경 캠페인 1편 |  깨끗한 제주바다를 위해 우리 함께 해요,https://youtube.com/watch?v=G_DkC5ytE-A&pp=ygUG7ZmY6rK9,6천회,7년 전
페트병에 물을 얼려서 사용해도 환경호르몬이 발생한다? / YTN 사이언스,https://youtube.com/watch?v=2Hxrav_am1Q&pp=ygUG7ZmY6rK9,1.1만회,1년 전
"차량 통행 막고, 토마토 수프 뿌리고…공분 사는 영국 환경단체 과격 시위 / 비디오머그 / #Shorts",https://youtube.com/shorts/VWLcakgepJM,14만회,1년 전
환경정화식물 '잘피' 키워 환경도 지키고 소득도 올리자 (2022.11.18/뉴스데스크/MBC경남),https://youtube.com/watch?v=CgmRdJogxxA&pp=ygUG7ZmY6rK9,1.6천회,1년 전
이번엔 출근길 도로 점거…과격 퍼포먼스 환경운동 / 연합뉴스TV (YonhapnewsTV),https://youtube.com/watch?v=7SqJlQOAVJ8&pp=ygUG7ZmY6rK9,6.8만회,2년 전
"쉴 곳 없어 화장실서 커피…우체국 환경미화원, 무슨 일 / JTBC 뉴스룸",https://youtube.com/watch?v=YCEUba0I7FE&pp=ygUG7ZmY6rK9,5.7만회,1년 전
"하루 12시간 노동, 임금은 단돈 1달러 [UHD환경스페셜2 6편 데드존-아이를 위한 지구는 없다] / KBS 20230128 방송",https://youtube.com/watch?v=LST7PCCcfqI&pp=ygUG7ZmY6rK9,404회,7년 전
나무가 산소를 만들어줘요 | 식목일 특집 | 환경동화 | 자연박사★지니키즈,https://youtube.com/watch?v=Qe6FiHHo7lY&pp=ygUG7ZmY6rK9,5.9천회,2년 전
[집중취재] 주거환경사업 LH 맘대로?..원주민들 분노｜ TJB 대전·충남·세종뉴스,https://youtube.com/watch?v=95B2LmzHHdY&pp=ygUG7ZmY6rK9,8.3만회,3년 전
건강한 Jeju 생태환경교육 1편 - '지구의 경고'_ #기후위기 #기후변화 #환경 #교육 #생태 #오염 #파괴 #문제,https://youtube.com/watch?v=1V4Fe6NLCNA&pp=ygUG7ZmY6rK9,10만회,10개월 전
명품가죽 뒤에 숨은 모로코 환경파괴 (KBS_307회_2023.04.29.방송),https://youtube.com/watch?v=ieqpWiXMUTI&pp=ygUG7ZmY6rK9,23만회,11개월 전
환경 보전위해? 자리 보전위해? 환경부 장관이 사는 법 [뉴스.zip/MBC뉴스],https://youtube.com/watch?v=ZmKz-z8v-jQ&pp=ygUG7ZmY6rK9,3.2천회,2년 전
직업이 몇 개???! 환경공학자 a.k.a. '프로 N잡러' 곽재식 교수 국과대표(science) 4회 | JTBC 220416 방송,https://youtube.com/watch?v=l_x2LhDCwAs&pp=ygUG7ZmY6rK9,1.5만회,3년 전
[초등 사회 3-2] ① 우리 고장의 환경과 생활 모습 - 2차시 자연환경과 인문 환경이 무엇인지 알아보기,https://youtube.com/watch?v=BWZ9jdZg-Ak&pp=ygUG7ZmY6rK9,8.4천회,3년 전
[환경스페셜] 공존실험 - 까치 | 인간과 까치는 공존할 수 있을까? | 환경스페셜 100회 특집 (KBS 011003 방송),https://youtube.com/watch?v=bwwBXpktDVo&pp=ygUG7ZmY6rK9,8.1만회,2년 전
2022년 새롭게 시작된 환경정책들 한 번에 정리해준다!,https://youtube.com/watch?v=l4ztTCe7uME&pp=ygUG7ZmY6rK9,1.1천회,10개월 전
[자막뉴스] 세계가 주목...한국 갯벌의 놀라운 힘 / YTN,https://youtube.com/watch?v=uha1-ULjPSo&pp=ygUG7ZmY6rK9,1.3만회,1년 전
환경동화 01화 | 작은 물방울 | 키워드: 물 | 녹지마!빙수,https://youtube.com/watch?v=tNDMfR_Y0iQ&pp=ygUG7ZmY6rK9,10만회,2일 전
[구독자 이벤트] ??한국환경공단 On-line 개소식!?? 다들 구경 오세요!??,https://youtube.com/watch?v=g6OKk0fbTuw&pp=ygUG7ZmY6rK9,6.8천회,2일 전
인천환경공단 신입사원들의 솔직 인터뷰!,https://youtube.com/watch?v=_acN6bB-JX8&pp=ygUG7ZmY6rK9,129만회,1년 전
[기후환경 리포트] 800살 나무 들여다보니‥기후변화에 지친 나무들 (2022.07.15/뉴스투데이/MBC),https://youtube.com/watch?v=NGNPGnt6CYo&pp=ygUG7ZmY6rK9,1.5만회,11개월 전
나는 미래에 어떤 계급으로 살게 될까? 서울대학교 건설환경공학부 유기윤 교수 / SBS D포럼(SDF),https://youtube.com/watch?v=8imqOXWE9ys&pp=ygUG7ZmY6rK9,911회,3년 전
"코로나19, 지구의 경고 - 생태계 파괴와 환경오염, 기후위기가 불러온 재앙일까? [다큐S프라임] / YTN 사이언스",https://youtube.com/watch?v=27y7z6R1RZw&pp=ygUG7ZmY6rK9,744회,2년 전
"""탄소중립 실현을 위한 학교 환경교육"" 안내 영상",https://youtube.com/watch?v=-V1XPFzNiZo&pp=ygUG7ZmY6rK9,1.6만회,2년 전
"양육 환경에서 '결핍'을 겪은 아이, 그리고 '허구의 독립'이 아이에게 미치는 영향 | 요즘 가족 금쪽 수업 2 회",https://youtube.com/watch?v=xK3YRvGK2Ls&pp=ygUG7ZmY6rK9,3.1천회,1년 전
환경경제학자가 말하는 대한민국 경제의 미래 | 서울대 환경대학원 홍종호 교수 | 빅퀘스천 22회 #경제 #환경 #재생에너지,https://youtube.com/watch?v=ymCjQgy_Anw&pp=ygUG7ZmY6rK9,32만회,1년 전
[기후환경 리포트] 한국에 살고 싶어요‥이상한 철새들 급증 (2022.08.05/뉴스투데이/MBC),https://youtube.com/watch?v=qjaNnSMFsjY&pp=ygUG7ZmY6rK9,3만회,2년 전
게 잡아먹는 문어! 환경스페셜 ‘외롭지 않은 섬’ / KBS 20130102 방송,https://youtube.com/watch?v=Efa7uQxOL28&pp=ygUG7ZmY6rK9,66만회,3년 전
얼지마 굶지마! 산골짝에 다람쥐 | 환경스페셜 “도토리 쟁탈전” (2012년 11월 28일 방송),https://youtube.com/watch?v=ZJutEqjTeOQ&pp=ygUG7ZmY6rK9,3만회,1년 전
"[환경교육주간 명사특강] ESG의 ""E""를 말하다 (기후위기와 생태전환 교육)-이재영 교수",https://youtube.com/watch?v=87jY2fQT-zA&pp=ygUG7ZmY6rK9,40만회,1년 전
"신안갯벌, 20만 마리 달랑게 대이동  [UHD환경스페셜2-1편 신의 캔버스 신안갯벌] / KBS 20221203 방송",https://youtube.com/watch?v=WY-LclW_RQ0&pp=ygUG7ZmY6rK9,217만회,11개월 전
순식간에 물고기 ‘꽉’ 물어버리는 민물의 폭군 가물치 사냥술 [환경스페셜-습지 재발견] / KBS 20070207 방송,https://youtube.com/watch?v=5iq6rFJwWe8&pp=ygUG7ZmY6rK9,53만회,2년 전
"[온라인 환경 교육] 2차시 ""쓰레기가 지구를 위협하고 있어""",https://youtube.com/watch?v=0GezDe5sMqE&pp=ygUG7ZmY6rK9,8.7천회,2년 전
"""조금만 바꾸면""…안전·환경 지키는 '공공디자인' (2021.08.17/뉴스투데이/MBC)",https://youtube.com/watch?v=P66n87NNmDY&pp=ygUG7ZmY6rK9,10만회,2년 전
생명의 보고 ‘독도’! 환경스페셜 ‘독도는 살아있다’ / KBS 20100714 방송,https://youtube.com/watch?v=S8dkEhnRefU&pp=ygUG7ZmY6rK9,37만회,2년 전
"해양환경을 바꾸는 사람들, 우리는 해양환경공단입니다.",https://youtube.com/watch?v=wrn6_vVyHkw&pp=ygUG7ZmY6rK9,8천회,4년 전
2020내일을JOB아라 - 환경영향평가사,https://youtube.com/watch?v=nvuwwe3iJac&pp=ygUG7ZmY6rK9,1.4만회,3년 전
06. 미라와 병지의 신비한 탄소여행 - 두근두근! 리얼 환경탐험대,https://youtube.com/watch?v=xmpFu-tjZow&pp=ygUG7ZmY6rK9,6.3만회,3년 전
플라스틱 A to Z (만들어진 배경부터 환경 문제까지),https://youtube.com/watch?v=eZq4J8GNh4Y&pp=ygUG7ZmY6rK9,3.2만회,3년 전
전지적 전공시점이 돌아왔다!(23편) 미래 환경의 핵심 인재 집합소! 건대 환경보건과학과! (입시꿀팁부터 진로분야까지??),https://youtube.com/watch?v=tbsWtgOQhT8&pp=ygUG7ZmY6rK9,1.1만회,4년 전
"다니엘 ""'쓰레기산' 충격…독일선 어릴 때부터 환경 교육""",https://youtube.com/watch?v=U0yAMDeEOHc&pp=ygUG7ZmY6rK9,1.5만회,4년 전
[KBS키즈] 바쁘다바빠 직업탐험｜ KBS TV유치원 ｜ 지니 ｜ 환경 미화원 ｜ 환경 미화원으로 변신한 지니! ｜ pretend play,https://youtube.com/watch?v=_kio7sJU_PA&pp=ygUG7ZmY6rK9,10만회,2년 전
"만약 제주도 갈 때마다 세금을 더 내야한다면? ""환경 보전vs소비자 반발"" / 스브스뉴스",https://youtube.com/watch?v=3aJNzNU4sOw&pp=ygUG7ZmY6rK9,1.7만회,2년 전
"매주 4명꼴로 살해당하는 환경운동가들…""국제개입 시급"" [ON 세계]",https://youtube.com/watch?v=AMiYsgaLvrs&pp=ygUG7ZmY6rK9,1.5만회,3년 전
[저탄소 녹색도시 강북구] 슬기로운 기후변화 이야기_초등학교 대상 환경교육 영상,https://youtube.com/watch?v=zPPZfT75Qh0&pp=ygUG7ZmY6rK9,7.8만회,2년 전
갑오징어 최면 걸어 게 사냥! 환경스페셜 '바다의 사냥꾼’ / KBS 20120502 방송,https://youtube.com/watch?v=3soikWbtRB4&pp=ygUG7ZmY6rK9,6.6만회,7년 전
환경의 재앙으로 돌아오는 폐의약품 / YTN 사이언스,https://youtube.com/watch?v=ZBHJLmZYyW8&pp=ygUG7ZmY6rK9,8천회,2년 전
[학과 홍보 영상] 가톨릭대 에너지환경공학과,https://youtube.com/watch?v=G2mgBsjBgL4&pp=ygUG7ZmY6rK9,3.6만회,2년 전
해수면 상승은 환경단체가 지어낸 거짓말이다??? 해수면은 정말 오르지 않는 걸까?,https://youtube.com/watch?v=qVKSxaYsWEs&pp=ygUG7ZmY6rK9,237만회,4년 전
5차시 살아 숨쉬는 흙 - 환경 U-learning,https://youtube.com/watch?v=KdCE4iwYP6Y&pp=ygUG7ZmY6rK9,1.4만회,2년 전
[탄소중립 환경동화] 앗! 지구에 탄소가 가득하대요(2탄),https://youtube.com/watch?v=Ro80wXivWpI&pp=ygUG7ZmY6rK9,1.6천회,1년 전
대한민국에 인간이 만든 235개의 산이 있다. 폐플라스틱 더미가 쌓여 만들어진 일명 ‘쓰레기 산’ (KBS 20190711 방송),https://youtube.com/watch?v=fHJ-Nc2X758&pp=ygUG7ZmY6rK9,128만회,1년 전
달랑게가 집을 잃어버린 사연은?!  [어린이 해양교육],https://youtube.com/watch?v=T8eU1xxGZSo&pp=ygUG7ZmY6rK9,1.4만회,9개월 전
지구를 지켜라 자연친화적 유치원 환경교육 l 충북 에듀PLAY l 충북교육뉴스,https://youtube.com/watch?v=5EVx_723368&pp=ygUG7ZmY6rK9,2.8만회,1년 전
"겨울, 동물들의 처절한 생존현장 [환경스페셜-에너지 전쟁, 동물의 겨울나기] / KBS 20060208 방송",https://youtube.com/watch?v=gX_AvMhqOJM&pp=ygUG7ZmY6rK9,358만회,11개월 전
[이야기 부산] 부산환경공단의 ‘찾아가는 환경교육’ / KBS  2023.05.15.,https://youtube.com/watch?v=ofQSl0KZ67o&pp=ygUG7ZmY6rK9,1.9만회,2년 전
[핫클립] 도시 환경 문제에 대응하는 도시숲 / YTN 사이언스,https://youtube.com/watch?v=Z1sVs90Nepk&pp=ygUG7ZmY6rK9,9천회,3년 전
빨간 동그라미｜환경보호동화｜환경동화,https://youtube.com/watch?v=2dGChKXqpKw&pp=ygUG7ZmY6rK9,7.7만회,2년 전
환경스페셜 ‘강과 생명 2편 ? 침묵의 강’ / KBS 20110817 방송,https://youtube.com/watch?v=ZwPkBhb47NU&pp=ygUG7ZmY6rK9,910회,1개월 전
"“쟤네들 이기려면 다시 태어나는 방법 밖에 없어요”┃'태어난 환경이 죄'라고 느끼는 아이들, 어린 나이부터 좌절감에 빠질 수 밖에 없는 현실┃교육격차┃#골라듄다큐",https://youtube.com/watch?v=mlfJwOlXQ3c&pp=ygUG7ZmY6rK9,2.8천회,5년 전
[에코매거진] 환경 파괴하는 패스트 패션  / YTN 사이언스,https://youtube.com/watch?v=M7dZTaIYosw&pp=ygUG7ZmY6rK9,3.3만회,2년 전
[탄소중립 환경동화] 앗! 지구에 탄소가 가득하대요(3탄),https://youtube.com/watch?v=rWZoUdZlyeg&pp=ygUG7ZmY6rK9,6.8천회,4년 전
"미래교육 플러스 - 지구를 지키는 환경교육 1부- 위기의 지구, 교육의 길_#002",https://youtube.com/watch?v=6sI-gZGXp2c&pp=ygUG7ZmY6rK9,31만회,2년 전
주변사람과 환경에 영향을 많이 받는 사람들에게 - 김창옥 [정기강연 ep74],https://youtube.com/watch?v=4FVQyDCPLj8&pp=ygUG7ZmY6rK9,6.5만회,11개월 전
[기술자들] 때묻지 않은 자연과 환경을 위한 기술 / YTN 사이언스,https://youtube.com/watch?v=Oix3yz4p-B4&pp=ygUG7ZmY6rK9,1.7만회,1년 전
공연ㆍ전시ㆍ음악회까지..문화계도 기후환경이 대세,https://youtube.com/watch?v=KMh517jfrUc&pp=ygUG7ZmY6rK9,7.7천회,4년 전
"미래교육 플러스 - 지구를 지키는 환경교육 1부- 위기의 지구, 교육의 길_#001",https://youtube.com/watch?v=6pytyDtKSAo&pp=ygUG7ZmY6rK9,46만회,4년 전
"[비정상회담][63-3] 〈환경오염〉 환경보호를 실천하지 않는 나, 비정상인가요? (Abnormal Summit)",https://youtube.com/watch?v=6A9JYh9nFFk&pp=ygUG7ZmY6rK9,2.4천회,2년 전
환경오염으로부터 지구를 지켜라! 세계의 환경 이슈와 이를 극복하기 위한 노력들?｜비정상회담｜JTBC 20150105 방송,https://youtube.com/watch?v=Y7A3rFR-Ltc&pp=ygUG7ZmY6rK9,889회,5년 전
지질시대의 환경과 생물 정리,https://youtube.com/watch?v=AVxR1Heqhk0&pp=ygUG7ZmY6rK9,2.1만회,4년 전
[중등 사회 2] 10. 환경 문제와 지속 가능한 환경 - 전세계 전자쓰레기 이동과 그에 따른 문제점,https://youtube.com/watch?v=wNsRSqvi53A&pp=ygUG7ZmY6rK9,101만회,2년 전
위장의 귀재 문어! 환경스페셜 ‘문어’ / KBS 20120314 방송,https://youtube.com/watch?v=elPCcFTYyUE&pp=ygUG7ZmY6rK9,1만회,스트리밍 시간: 1년 전
사회복지사의 환경인식개선 및 역량강화를 위한 '사회복지사 필환경 세미나',https://youtube.com/watch?v=Esu3X_CIkz0&pp=ygUG7ZmY6rK9,10만회,7년 전
"보이지 않는 적, 환경호르몬의 공격 / YTN 사이언스",https://youtube.com/watch?v=LSLrQ1eEZMU&pp=ygUG7ZmY6rK9,1.5만회,1년 전
"홍진경의 환경르포 1탄 ""하수도"" (eng) [공부왕찐천재]",https://youtube.com/watch?v=8BkMUh0ws7Y&pp=ygUG7ZmY6rK9,23만회,2년 전
"플라스틱으로 가득찬 세상, 우리 아이들이 마주할 미래가 될 수 있습니다.",https://youtube.com/watch?v=qqDpDzl3RlU&pp=ygUG7ZmY6rK9,1.6천회,1년 전
[서울시립대학교 전공소개] 환경원예학과,https://youtube.com/watch?v=pS1rcOKyA7A&pp=ygUG7ZmY6rK9,16만회,2년 전
"(어린이 환경교육용 프로그램) 할아버지와 손녀가 함께하는 분리배출, 모두 같이 따라해봐요~(한글 자막)",https://youtube.com/watch?v=hFnEnUdlr0w&pp=ygUG7ZmY6rK9,22만회,1년 전
카이스트 건설및환경공학과 | 어느과로갈과 EP.14,https://youtube.com/watch?v=0BqFKwq_P4c&pp=ygUG7ZmY6rK9,195만회,10개월 전
"지구 환경, 대기오염 빼곤 모두 ‘중병’ 들었다…｜D:이슈",https://youtube.com/watch?v=n2LUyIPCTME&pp=ygUG7ZmY6rK9,2.9천회,3년 전
"[시청자요청] 환경다큐의 시조새 - 환경스페셜 이렇게 시작됐다! | 자연다큐멘터리 ""동강""   (1999년 3월 3일 방송)",https://youtube.com/watch?v=nTjbT73DRpI&pp=ygUG7ZmY6rK9,1.9만회,2년 전
"[집중취재M] 팜유가 친환경? 온실가스와 환경파괴의 주범, 한국 대기업들도 앞다퉈 진출 (2022.03.01/뉴스데스크/MBC)",https://youtube.com/watch?v=zPr8jIrwCK8&pp=ygUG7ZmY6rK9,3.1만회,2년 전
[삼성SDI 직무소개] 나는 안전환경 담당자입니다 ??ㅣ안전에 있어서는 절대 타협과 예외가 없습니다,https://youtube.com/watch?v=SqKMBdHJDb4&pp=ygUG7ZmY6rK9,1.1만회,1년 전
"밤바다의 제왕 낙지, 게사냥 현장 [환경스페셜- 2008 지구의 해 특별기획 인간과 습지 [3부작] 제 1편  갯벌] / KBS 20081029 방송",https://youtube.com/watch?v=GfsDhD9iefU&pp=ygUG7ZmY6rK9,14만회,4년 전
[꼬마 신선 타오 2] 10화 - 우리 모두 환경보호 (EBSXGNG),https://youtube.com/watch?v=CLvzz4XWZDk&pp=ygUG7ZmY6rK9,2.2만회,2년 전
"낮과 밤, 숲의 주인이 바뀌다! 환경스페셜 ‘숲의 지배자’/ KBS 20090527 방송",https://youtube.com/watch?v=XSdJa5k5rm8&pp=ygUG7ZmY6rK9,1.2만회,1년 전
"물 부족과 물 오염, 당신의 물은 안전합니까? [환경스페셜 - 물,  공유된 책임] / KBS 20080326 방송",https://youtube.com/watch?v=92FtiMytotA&pp=ygUG7ZmY6rK9,10만회,1년 전
"환경경제학자의 경고 ""LNG 가격, 2025년까지 계속 오를 겁니다. 그리고... "" 빅퀘스천 인터뷰 | 서울대 환경대학원 홍종호 교수 #기후위기 #지구온난화 #환경",https://youtube.com/watch?v=I8vm8qf8ssQ&pp=ygUG7ZmY6rK9,1.8만회,5년 전
[미래접속 4.0] 환경문제를 해결하는 4차 산업기술 / YTN 사이언스,https://youtube.com/watch?v=Ly6IYSN9DDw&pp=ygUG7ZmY6rK9,98만회,10개월 전
"먹고 먹히는 수중생태계, 그러나 영원한 승자는 없다 [환경스페셜-생태보고 수변습지] / KBS 20121017 방송",https://youtube.com/watch?v=sKK1ZIPfAxg&pp=ygUG7ZmY6rK9,4.1천회,3년 전
연세대학교 건설환경공학과,https://youtube.com/watch?v=jRnWzfnL6Ck&pp=ygUG7ZmY6rK9,1만회,1년 전
"??전기차는 사실 환경오염의 주범? | 별다른 이슈 ep.02 (테슬라, 기후변화, 탄소배출권, 희토류, 미중갈등)",https://youtube.com/watch?v=ZZx3MEBY_xc&pp=ygUG7ZmY6rK9,2만회,2년 전
101초 환경 이야기 《생활 속 화학물질》,https://youtube.com/watch?v=z2jtb21Jaj8&pp=ygUG7ZmY6rK9,2.1만회,5개월 전
"[기후환경 리포트] 흙탕물에 부서지고 긁히고, 눈을 의심케 하는 국보 상황 (2023.10.26/뉴스투데이/MBC)",https://youtube.com/watch?v=S-aP4ujvZwI&pp=ygUG7ZmY6rK9,1만회,2년 전
불안한 청춘을 위한 잘 알려지지 않은 환경공학과 취업 전략,https://youtube.com/watch?v=E6w3nE7dKj8&pp=ygUG7ZmY6rK9,5.2만회,2년 전
[LG이노텍 직무 이야기!] 안전환경편(장세련 사원),https://youtube.com/watch?v=W1DIq-v882k&pp=ygUG7ZmY6rK9,8.3천회,2년 전
편리함보다는 환경을...1회 용품 줄이는 발명 / YTN,https://youtube.com/watch?v=TzV1szlmyx8&pp=ygUG7ZmY6rK9,4.5천회,2년 전
바보들은 '노오력'만 하지만 스마트한 사람들은 '환경'을 바꾼다!ㅣ 최고의 변화는 어디서 시작되는가 ㅣ Willpower Doesn't Work,https://youtube.com/watch?v=YZXLBtg11A8&pp=ygUG7ZmY6rK9,4.2만회,1년 전
[포프리쇼 리턴즈 15회] 성장 환경이 중요한 이유 | 김창옥의 포프리쇼 강연,https://youtube.com/watch?v=i7yVZmRvOu8&pp=ygUG7ZmY6rK9,2.7만회,1년 전
"환경스페셜 1회, 1999년 설악 백담계곡 생태계  [환경스페셜-봄, 깨어남] / KBS 19990505 방송",https://youtube.com/watch?v=DqnWfowdYGg&pp=ygUG7ZmY6rK9,4.1천회,3년 전
"바보들은 노력을 하지만 똑똑한 사람들은 환경을 바꾼다 - 뭐든 잘 안될 때는? 깨닫고 나면 너무 간단한 원리, 깨알 같이 환경을 바꿔라!",https://youtube.com/watch?v=T24EovV2szg&pp=ygUG7ZmY6rK9,27만회,4년 전
서울대학교 건설환경공학부 소개동영상,https://youtube.com/watch?v=2SNznxre3iU&pp=ygUG7ZmY6rK9,10만회,1년 전
"재앙의 황사 바람, 열차를 전복시키다 [환경스페셜-재앙의 바람, 황사] / KBS20070418 방송",https://youtube.com/watch?v=xlxoAKG1nUk&pp=ygUG7ZmY6rK9,1.1만회,2년 전
인어공주와 프렌시 ｜ 바다 이야기 ｜ 환경 동화,https://youtube.com/watch?v=c8k8LteQaZ8&pp=ygUG7ZmY6rK9,3.2만회,1년 전
LG화학 환경안전팀 취업준비생들을 위해 온산공장 환경안전팀 신입/경력사원 탈탈 털었다뭘 좋아할지 몰라서 다 준비해주신 LG화학 선배들의 취업 꿀팁 대방출★,https://youtube.com/watch?v=3XMc5mMdULw&pp=ygUG7ZmY6rK9,1.3만회,1년 전
"땅굴파기 명수 표범장지범, 노련한 사냥술  [2021-2022 UHD환경스페셜 15편 지금부터 강이 들려줄 이야기] / KBS 20210617 방송",https://youtube.com/watch?v=o9ljx9dMt8A&pp=ygUG7ZmY6rK9,4.7만회,2년 전
라면 뽀글이에서 진짜 환경호르몬이 나올까?,https://youtube.com/watch?v=puSZtFpltVM&pp=ygUG7ZmY6rK9,2.9천회,1년 전
"새로운 최상위 포식자 들개, 소를 공격하다  [2021-2022 UHD환경스페셜-39편 불편한 동거, 1년의 기록]  / KBS 20220317 방송",https://youtube.com/watch?v=7bTnj2M6KbQ&pp=ygUG7ZmY6rK9,3.8천회,2년 전
"[경기도환경교육센터] 남한강 탐방교육(물의 소중함): 물의 소중함 다큐시청, 소감 나눔(여주시 제작)",https://youtube.com/watch?v=CvosXVzIOdk&pp=ygUG7ZmY6rK9,3.5천회,1년 전
수도권 근무를 원한다면 주목!_한국환경공단 채용설명회,https://youtube.com/watch?v=R9hjl6lyzRw&pp=ygUG7ZmY6rK9,45만회,4년 전
"미래교육 플러스 - 지구를 지키는 환경교육 2부- 위기의 환경교육, 무엇이 문제인가?_#002",https://youtube.com/watch?v=XNnF3SLP0Zg&pp=ygUG7ZmY6rK9,8.7만회,4년 전
"빡공시대 고등통합사회 1강-인간,사회,환경을 바라보는 시각(인강판)-",https://youtube.com/watch?v=yR2_SmBDphc&pp=ygUG7ZmY6rK9,8.1천회,1년 전
한국환경공단 신입직원 채용 꿀팁! (feat. 2021년 신입직원과 함께),https://youtube.com/watch?v=CHRMvcPWkdE&pp=ygUG7ZmY6rK9,643회,3년 전
"[시청자 요청] 한반도에 늑대가 살아 있다?! | 환경스페셜 ""늑대, 살아있는가"" (1999년 7월 21일 방송)",https://youtube.com/watch?v=biJWTQR3Imk&pp=ygUG7ZmY6rK9,7.3천회,2년 전
"[멍상]#13 환경스페셜 ‘옹달샘, 생명을 적시다’ / KBS 20070627 방송",https://youtube.com/watch?v=YowKPAzfTpE&pp=ygUG7ZmY6rK9,28만회,1년 전
[환경K] 커피찌꺼기는 애물단지? / KBS  2022.04.25.,https://youtube.com/watch?v=Pn_1d_ak01k&pp=ygUG7ZmY6rK9,1.5만회,3년 전
[ETx빅데이터] 환경 보호·기부…‘소비’로 보여줄게 / KBS,https://youtube.com/watch?v=IeJxf7CwWWk&pp=ygUG7ZmY6rK9,165만회,4년 전
그림으로 텔레파시가 통하는지 테스트해보았다 [환경캠프3화],https://youtube.com/watch?v=FMdB3S7OjPI&pp=ygUG7ZmY6rK9,4.5만회,2년 전
음식물쓰레기 비료의 문제  [UHD 환경스페셜] | KBS 220310 방송,https://youtube.com/watch?v=CVJX3b7A0zE&pp=ygUG7ZmY6rK9,1.9천회,2년 전
영주댐 건설로 옛 모습을 잃어버린 내성천 [UHD 환경스페셜] | KBS 210617 방송,https://youtube.com/watch?v=k5EzO4x4ehw&pp=ygUG7ZmY6rK9,6천회,2년 전
이런 이색 수업이 있다고? 초등교사 환경생태수업 리얼 vlog,https://youtube.com/watch?v=Yzy4FYWX4b4&pp=ygUG7ZmY6rK9,17만회,2년 전
코코넛을 집으로! 환경스페셜 ‘적도의 바다’ / KBS 20130109 방송,https://youtube.com/watch?v=6Rp7iSJkSTc&pp=ygUG7ZmY6rK9,1.5만회,1년 전
[핫클립] 다양한 용도로 개발된 극한 환경 로봇 / YTN 사이언스,https://youtube.com/watch?v=cqest8a4gbA&pp=ygUG7ZmY6rK9,2.6천회,11개월 전
"?? 지속가능한 삶을 위한 환경교육, 생태전환교육 지원 #shorts",https://youtube.com/shorts/kNaSNyttCMw,1.7만회,1년 전
"[기후환경 리포트] 바다가 삼키고 있는 나라, 수도 40%가 해수면 아래로 (2022.11.21/뉴스투데이/MBC)",https://youtube.com/watch?v=fYtTC3Nne-Y&pp=ygUG7ZmY6rK9,41만회,2년 전
"[최강1교시] EP.1 일상생활 속 환경호르몬, 이대로 괜찮을까? I 환경호르몬의 경고 I 생명과학자 계명찬",https://youtube.com/watch?v=s-E4QC38V80&pp=ygUG7ZmY6rK9,3.1천회,5개월 전
[김성완의 시사야] 지구생활백서｜2023 국감 기후/환경이슈 요약｜윤지로 사단법인 넥스트 수석｜KBS 231025 방송,https://youtube.com/watch?v=irNbIj5ytv0&pp=ygUG7ZmY6rK9,1.7천회,1년 전
??지속가능한 사회를 위한 환경솔루션을 찾습니다! - 2023년도 한국환경산업기술원 채용꿀팁??,https://youtube.com/watch?v=wMcgfrzUKhg&pp=ygUG7ZmY6rK9,24만회,2년 전
직업환경의학과의 모든 것(브이로그),https://youtube.com/watch?v=82FREZgwLe0&pp=ygUG7ZmY6rK9,1.7만회,2년 전
무심코 갖고 논 OO에 꼬리를 잃어버린 이 동물｜크랩,https://youtube.com/watch?v=BgYPybzmY6k&pp=ygUG7ZmY6rK9,515회,3년 전
2021학년도 ???한양대학교 자원환경공학과?? 전공안내영상,https://youtube.com/watch?v=UwHPMDpSINY&pp=ygUG7ZmY6rK9,5.7천회,5년 전
[기술자들] 환경과 사람을 생각한 톡톡 튀는 친환경 기술?? / YTN 사이언스,https://youtube.com/watch?v=4Wf0Cw8ijPs&pp=ygUG7ZmY6rK9,6.2천회,2년 전
우리는 플라스틱을 입고 있다? 헌 옷이 환경을 오염하는 이유 [UHD 환경스페셜] | KBS 210701 방송,https://youtube.com/watch?v=O9HuDEVUtzw&pp=ygUG7ZmY6rK9,16만회,스트리밍 시간: 1년 전
[강연] 유전과 환경: 무엇이 우리를 만드는가? _ by 김영준 ㅣ 2022 가을 카오스강연 '진화' 7강,https://youtube.com/watch?v=RCz16w9dD5o&pp=ygUG7ZmY6rK9,5천회,4년 전
[초등 과학 5-2] 2. 생물과 환경 - 8차시 환경 오염은 생물에 어떤 영향을 줄까요?,https://youtube.com/watch?v=qvAMrR9HrOo&pp=ygUG7ZmY6rK9,1.2만회,1년 전
환경 지키고 일자리 늘리고! 돈 되는 재생에너지 시장?? 차이나는 클라스(jtbclecture) 239회 | JTBC 220424 방송,https://youtube.com/watch?v=8ThrG0VNKGA&pp=ygUG7ZmY6rK9,2.1만회,1년 전
[꽉 찬 인터뷰] 환경공학과 졸업생의 ??한국환경공단?? 입사기,https://youtube.com/watch?v=mHdgvSqzqXE&pp=ygUG7ZmY6rK9,5.4만회,1년 전
공과대학 - 환경공학과 홍보영상,https://youtube.com/watch?v=8jPIvkRN4JA&pp=ygUG7ZmY6rK9,3만회,1년 전
놀면서 실천한다! 유치원 환경교육??ㅣ생방송활기찬저녁ㅣMBC충북ㅣ220720,https://youtube.com/watch?v=lux2hHQN0Qk&pp=ygUG7ZmY6rK9,1.5만회,2년 전
[학과 소개 영상] 고려대학교 지구환경과학과를 소개합니다.,https://youtube.com/watch?v=h6JQav61CII&pp=ygUG7ZmY6rK9,4.7천회,2년 전
신중년 환경인허가 담당자,https://youtube.com/watch?v=dNNFU8LSp9k&pp=ygUG7ZmY6rK9,513회,1년 전
포르쉐에 접착제? 한심한 환경단체 시위에 폭스바겐이 한 일!,https://youtube.com/watch?v=rX1AUm86d0w&pp=ygUG7ZmY6rK9,7.5천회,1년 전
"지구상 가장 지독한 자연 환경에서 어떻게 살아남았을까?ㅣ우유니 소금사막에도 사람이 살까?ㅣ태고의 땅, 알티플라노ㅣ수면 다큐ㅣ다큐프라임ㅣ#골라듄다큐",https://youtube.com/watch?v=p9hfXQtaoDU&pp=ygUG7ZmY6rK9,7.1천회,2년 전
[학과탐구생활] 환경공학과,https://youtube.com/watch?v=7yniiyWAjXo&pp=ygUG7ZmY6rK9,1.4천회,10개월 전
교수님의 하루 ep.1 | 지구환경과학과 오창환 교수님,https://youtube.com/watch?v=fNW2oHPvncU&pp=ygUG7ZmY6rK9,10만회,1년 전
"[고1 통합과학] 21강. 생태계 구성요소와 환경(생산자, 소비자, 분해자)",https://youtube.com/watch?v=5wMjlQFpDWk&pp=ygUG7ZmY6rK9,43만회,1년 전
지질 시대 환경과 생물 다양성 ㅣ고등 과학송ㅣ고1  통합과학,https://youtube.com/watch?v=VhuDY3PWWJw&pp=ygUG7ZmY6rK9,483회,1년 전
"제주 바다, 파래로 뒤덮히다! [UHD환경스페셜2 7편 데드존3-죽음의 바다 / KBS 20230204 방송",https://youtube.com/watch?v=hWl9iMZCqQw&pp=ygUG7ZmY6rK9,2.3천회,1년 전
"몸길이 4.5mm 초경량 흡혈귀, 모기의 공포 [2021-2022 UHD환경스페셜 기후변화 특집 (지구의 경고) 3편 모기의 역습] / KBS 20210819 방송",https://youtube.com/watch?v=mdyY3W4KEyg&pp=ygUG7ZmY6rK9,5.4만회,4년 전
신서유기 게임 해봐써? 막상해보면 겁나 어려운 게임 [환경캠프 4화],https://youtube.com/watch?v=qxrlXj0M37w&pp=ygUG7ZmY6rK9,2만회,2년 전
"희귀 동물의 보고, 타즈매니아에 ‘악마’가 산다. [환경스페셜-주머니가 키운 생명-유대 동물의 땅, 타즈매니아] / KBS 20061220 방송",https://youtube.com/watch?v=3e3IZIvyk_o&pp=ygUG7ZmY6rK9,1.9만회,1년 전
옷을 플라스틱으로 만든다고? 그리고 미세플라스틱이 되어 돌아온다고? [2021-2022 UHD환경스페셜 17편 옷을 위한 지구는 없다] / KBS 20210701 방송,https://youtube.com/watch?v=ErjAylpoFWs&pp=ygUG7ZmY6rK9,2.8만회,1일 전
한라산 케이블카 도입· 환경보전분담금 쟁점,https://youtube.com/watch?v=6N0fZa2LIDQ&pp=ygUG7ZmY6rK9,21만회,스트리밍 시간: 10개월 전
"제 28회 환경의 날 기념식 [ 더 나은 미래를 위해, 지금부터 우리가 플라스틱 줄이기부터 ]",https://youtube.com/watch?v=46f10uEMJUA&pp=ygUG7ZmY6rK9,2.3만회,1년 전
"길이 2m 넘는 독도 대왕문어 [UHD환경스페셜2-4편 신년기획-독도, 미지의 여정] / KBS 20230107 방송",https://youtube.com/watch?v=UyIEBY5eTWk&pp=ygUG7ZmY6rK9,1.9만회,3년 전
환경 파괴로 음식이 금보다 귀해진 2022년의 세상 (반전 결말+해석),https://youtube.com/watch?v=wOazY8rT7XQ&pp=ygUG7ZmY6rK9,181회,3년 전
친환경 에너지가 환경 파괴? 풍력·태양광에 관한 진실 혹은 거짓 | #클린에너지패러독스,https://youtube.com/watch?v=0bMNOq_cDTA&pp=ygUG7ZmY6rK9,1.9천회,2년 전
직업탐구- 별일입니다 - 대기환경연구사 김정훈,https://youtube.com/watch?v=hnqW0TEaxS8&pp=ygUG7ZmY6rK9,28만회,1년 전
"야생 들개, 고라니 사냥 [2021-2022 UHD환경스페셜 10편 최후변론, 들개] / KBS 20210506 방송",https://youtube.com/watch?v=7_HPNGefP74&pp=ygUG7ZmY6rK9,71만회,4년 전
벌레 잡으러 6시간 걸어요? [환경캠프 1화],https://youtube.com/watch?v=Li6lY6xu6oM&pp=ygUG7ZmY6rK9,9.2만회,2년 전
"환경공학과, 우리들의 이야기_환경공학과",https://youtube.com/watch?v=-KFtKXCiQCo&pp=ygUG7ZmY6rK9,5.5천회,1년 전
"풍력, 태양열, 신재생 에너지의 명암 [2021-2022 UHD환경스페셜 30편 빛과 그림자, 신재생에너지] / KBS 20211202 방송",https://youtube.com/watch?v=5_9y_F392FQ&pp=ygUG7ZmY6rK9,42만회,1년 전
[슬기로운 공대생활] 환경공학과에 대한 다양한 질문과 진로고민 해결,https://youtube.com/watch?v=soS-iOS__Bg&pp=ygUG7ZmY6rK9,13만회,3년 전
환경영향평가는 어떤 역할을 하나요?[환경영향평가 알아가기 4],https://youtube.com/watch?v=gEnbBwb2XE0&pp=ygUG7ZmY6rK9,3천회,10개월 전
[환경 진로 탐색 EP.3] 환경공학과 후회없는 취업 전략,https://youtube.com/watch?v=xC6OdmAMBsg&pp=ygUG7ZmY6rK9,5.2천회,1년 전
환경영향평가 산 올라가나요?,https://youtube.com/watch?v=HlDD2pVpc1g&pp=ygUG7ZmY6rK9,9.5천회,2년 전
??밸런스 게임으로 알아보는 SK하이닉스 환경 직무,https://youtube.com/watch?v=h-JoaHO88A0&pp=ygUG7ZmY6rK9,3.1천회,1년 전
"미래 의료 환경 어떻게 변화할까요? | 미래를 여는 준비, 상상더하기",https://youtube.com/watch?v=eH9lhdKp4EI&pp=ygUG7ZmY6rK9,1.6천회,1년 전
[군 대상 환경교육] ⑦ 환경철학,https://youtube.com/watch?v=kzpZROxgKpc&pp=ygUG7ZmY6rK9,4천회,2년 전
[지구과학1 톺아보기] 07. 퇴적암과 퇴적 환경,https://youtube.com/watch?v=gjXAiRQf6k4&pp=ygUG7ZmY6rK9,5.5천회,2년 전
"[보들이TV X 초록별엔진 콜라보 EP2] 환경연구사 Q&A, 연구사 면접관 등판! 면접의 A부터 Z까지...모든걸 알려 드릴게...",https://youtube.com/watch?v=yheyIYuwKlY&pp=ygUG7ZmY6rK9,1.5천회,1년 전
"[유아교사 vlog] 유치원 신학기 환경구성ㅣ 만 5세반 교실환경ㅣ 만 5세 놀잇감 살펴보기ㅣ영역별 구성꿀팁ㅣ개나리반, 진달래반 교실 소개",https://youtube.com/watch?v=_KaNIKfnkIs&pp=ygUG7ZmY6rK9,7.8천회,1년 전
홍진경이 한참 말을 잃은 000 처리 현장(충격/환경르포 2탄) [공부왕찐천재],https://youtube.com/watch?v=vG86FqbJl9g&pp=ygUG7ZmY6rK9,9.4천회,2년 전
"천천히, 한입 한입, 다람쥐 포식하는 구렁이 [환경스페셜-국립공원 생명의 씨앗이 되다] / KBS 20101006 방송",https://youtube.com/watch?v=B0SqEFewgmY&pp=ygUG7ZmY6rK9,5.4천회,1년 전
멸치가 사라지고 있다!   [2021-2022 UHD환경스페셜 12편 멸치가 아니올 리 없다] / KBS 20210415 방송,https://youtube.com/watch?v=aNuXUDOiwgo&pp=ygUG7ZmY6rK9,7.5천회,9개월 전
"모래의 땅 한반도, 모래강의 신비 [환경스페셜-특집 2부작 강과 생명 1편 모래강의 신비] / KBS 20110810 방송",https://youtube.com/watch?v=JTEbex1RBd0&pp=ygUG7ZmY6rK9,105만회,1년 전
"동양의 갈라파고스, 독도 30년의 기록 [2021-2022 UHD환경스페셜 33편 독도 30년] / KBS 20220113 방송",https://youtube.com/watch?v=Vg5jJTRB-qo&pp=ygUG7ZmY6rK9,5.5만회,2시간 전
임영웅 콘서트 티케팅 성공한 환경요정 | 정오의 희망곡 박성은입니다 | 보이는 라디오,https://youtube.com/shorts/ytjLbEM1iVM,15만회,1년 전
환경동화 30화 | 미안해! 갈매기야 | 키워드: 환경오염 | 녹지마!빙수,https://youtube.com/watch?v=RpG1gdqnT-8&pp=ygUG7ZmY6rK9,2.1만회,1년 전
엘화뭐하니? LG화학 여수공장 환경안전 대학생 일일 직무체험! [LG Chem People],https://youtube.com/watch?v=e1-S72CYBKI&pp=ygUG7ZmY6rK9,1.7만회,1년 전
"갯벌 짱뚱어 잡이 달인! [UHD환경스페셜2-2편 바다의 금맥, 블루카본] / KBS 20221210 방송",https://youtube.com/watch?v=c0usxaaFSR4&pp=ygUG7ZmY6rK9,459회,3년 전
"[멍상]#15 지리산 할머니의 순간이 모여 일생을 이룬다 | 환경스페셜 ""순간""  (2011년 11월 2일 방송)",https://youtube.com/watch?v=bQxdNUSUvNA&pp=ygUG7ZmY6rK9,1.6천회,2년 전
[초등 과학 5-2] 2. 생물과 환경 - 7차시 생물은 환경에 어떻게 적응될까요?,https://youtube.com/watch?v=4i2mF3Z03fY&pp=ygUG7ZmY6rK9,2만회,16시간 전
[화제현장 이곳] ‘종이 분리 배출’ 실천하고 환경 지켜요! / KBS  2024.04.17.,https://youtube.com/watch?v=JkQCikthyIA&pp=ygUG7ZmY6rK9,3.7만회,2년 전
"환경과 생물 l 빛과 생물, 온도와 생물",https://youtube.com/watch?v=hsv-6_xJBac&pp=ygUG7ZmY6rK9,11만회,10개월 전
"2023 환경의 날을 기념하여 ??그린메이커, 관악!??이 개최됩니다 - 관악별별뉴스",https://youtube.com/shorts/INXPSIhDZXA,6.9천회,1년 전
"봉암사, 송광사, 해인사 천년 사찰 숲의 비밀 [2021-2022 UHD환경스페셜 24편 천 년 숲의 비밀] / KBS 20210923 방송",https://youtube.com/watch?v=JJFNTKoW2RE&pp=ygUG7ZmY6rK9,24회,8년 전
[뉴탐스런 생명과학 I] 49강 생물과 환경의 상호 관계(1),https://youtube.com/watch?v=65T3szdepAc&pp=ygUG7ZmY6rK9,6.1천회,2년 전
"[4K FULL]  치솟는 산불, 지구가 만들어낸 에너지 폭탄 | KBS 다큐 인사이트 - 붉은 지구 1부 엔드 게임 1.5℃ 210902 방송",https://youtube.com/watch?v=0a7y1DEuASM&pp=ygUG7ZmY6rK9,2천회,18시간 전
[핫클립] 농장의 환경을 자동으로 조절하는 스마트팜 / YTN 사이언스,https://youtube.com/watch?v=ZcY-rdYlbo4&pp=ygUG7ZmY6rK9,9.2만회,1년 전
누리과정 11월 동요 모음 - 환경과 생활 / 자연 환경의 소중함을 함께 노래해요!,https://youtube.com/watch?v=cB32UtlkmYI&pp=ygUG7ZmY6rK9,3.1만회,2년 전
어디까지 알고 있니? 환경원예학과 온실 대공개!!! | 알쓸시잡 서울시립대학교 환경원예학과,https://youtube.com/watch?v=LkVIdMKYokg&pp=ygUG7ZmY6rK9,126만회,2일 전
안전한 조선소 작업환경 구축' 참여 기업 공모[목포MBC 뉴스데스크],https://youtube.com/watch?v=AXxabwQLXgw&pp=ygUG7ZmY6rK9,230회,2년 전
"고단하지 않은 어미의 삶은 없다! 환경스페셜 ‘숲, 사냥꾼 어미로 산다는 것’ / KBS 20120222 방송",https://youtube.com/watch?v=0HMeeJgoV3s&pp=ygUG7ZmY6rK9,1.5만회,3년 전
"[새빛모리 학과소개] 첫번째 이야기, 토목환경공학과ㅣ명지대학교 자연캠퍼스??",https://youtube.com/watch?v=VWc1QAX9K7M&pp=ygUG7ZmY6rK9,5.1천회,1일 전
한라산 케이블카 도입·환경보전분담금 쟁점 (2024.04.16/뉴스데스크/제주MBC),https://youtube.com/watch?v=GiyBcyTpiiE&pp=ygUG7ZmY6rK9,43회,2년 전
"[불편해도 괜찮아] 연예계 대표 환경 보호 잘알 배우 박진희, SNS에서 '에코지니'로도 활동하고 있는 그의 일회용품 줄이기 노하우 대공개! l KBS 210212 방송",https://youtube.com/watch?v=WnRTpSfHpd0&pp=ygUG7ZmY6rK9,7.1만회,1년 전
[군 대상 환경교육] ⑦ 환경철학,https://youtube.com/watch?v=kzpZROxgKpc&pp=ygUG7ZmY6rK9,7.7천회,9개월 전
미생물이 환경을 살린다! [환경스페셜-미생물의 힘] / KBS 20030212 방송,https://youtube.com/watch?v=Rn_AVniqUDk&pp=ygUG7ZmY6rK9,309회,1년 전
꿀벌떼 집단 공격에 신경마비로 죽어가는 말벌  [환경스페셜-하늘이 벌 주셨네] / KBS 20090923 방송,https://youtube.com/watch?v=3BAFHvqmzRQ&pp=ygUG7ZmY6rK9,2.4천회,9개월 전
사드 기지 환경영향평가 완료…“전자파 영향 미미” [9시 뉴스] / KBS  2023.06.21.,https://youtube.com/watch?v=dVGr4UDlK0E&pp=ygUG7ZmY6rK9,7.8천회,2년 전
"생선회 자주 드십니까? 우리나라 양식어장 현장보고 [환경스페셜-생태보고, 위기의 바다농장] / KBS 20110420 방송",https://youtube.com/watch?v=Rpk-EE3dHGI&pp=ygUG7ZmY6rK9,4.1천회,19시간 전
"대대적 환경 정화…""천연기념물 저어새 번식지 보호 강화"" / SBS",https://youtube.com/watch?v=3FBInJ3WRps&pp=ygUG7ZmY6rK9,6.9만회,1년 전
"마을로 숨어든 도둑게, 밥 한공기 뚝딱! [UHD환경스페셜2-3편 생태보물, 유부도] / KBS 20221217 방송",https://youtube.com/watch?v=K3eC_SC2cJ0&pp=ygUG7ZmY6rK9,385회,6일 전
"성질 사나운 오소리 vs 독사 유혈목이, 과연 승자는? | KBS 환경스페셜 060524 방송",https://youtube.com/watch?v=raNEfPrvBaQ&pp=ygUG7ZmY6rK9,22만회,1년 전
[환경 진로 탐색 EP.2] 환경공학과 졸업 하고 갈 수 있는 직업 추천,https://youtube.com/watch?v=Vk2Jnd-ySC4&pp=ygUG7ZmY6rK9,741회,1년 전
부산대 지질환경과학과 소개,https://youtube.com/watch?v=ArYHm3BJ75E&pp=ygUG7ZmY6rK9,5.7만회,1년 전
환경동화 18화 | 동물 마을이 이상해요 | 키워드: 생태계 | 녹지마!빙수,https://youtube.com/watch?v=lPRXBDNCJzI&pp=ygUG7ZmY6rK9,20만회,6개월 전
"기후위기 시대!…충북교육청 환경교육센터, 환경교육 ‘활발’ / KBS  2023.10.12.",https://youtube.com/watch?v=7bgBJ0EIJEs&pp=ygUG7ZmY6rK9,7천회,1년 전
상위 1% 영재 판정받은 아이의 가정환경?? 교육감상 정도는 아무렇지 않은 클라스?? | 둥지탈출3,https://youtube.com/watch?v=hypVZLxzVlA&pp=ygUG7ZmY6rK9,2.5천회,1년 전
환경동화 06화 | 배고픈 오리발 | 키워드: 산 | 녹지마!빙수,https://youtube.com/watch?v=crLKnviaOAU&pp=ygUG7ZmY6rK9,4.9천회,1년 전
폭우 속에서 끝까지 알 품고 있는 어미꼬마물떼새 [환경스페셜-새들의 작은 천국 미사리 공원] / KBS 20110921 방송,https://youtube.com/watch?v=uctzLCKoHFY&pp=ygUG7ZmY6rK9,82회,2년 전
"독사 제거 위해 오키나와섬에 투입된 인도 몽구스! 환경스페셜 ‘오키나와의 기묘한 공존, 독사 하브와 몽구스’/ KBS 20100217 방송",https://youtube.com/watch?v=uNoZ1Oh7z8I&pp=ygUG7ZmY6rK9,4.2천회,2년 전
[유아교사vlog] 만 4세반 환경구성/ 유치원 환경구성의 실제/ 영역별 환경구성/ 환경구성 꿀팁,https://youtube.com/watch?v=06gVj_Bdj04&pp=ygUG7ZmY6rK9,6만회,11개월 전
[기후위기]쓰레기의 어원과 개념! 환경을 생각하는 시니어 #기후위기 #환경 #홍수열,https://youtube.com/shorts/bIZl8PVFhxM,8.1만회,1년 전
"등교 거부&입 꾹!' 새로운 환경을 두려워하는 금쪽이, '이것' 때문에 그렇다?! | 요즘 육아 금쪽같은 내새끼 95 회",https://youtube.com/watch?v=SwHXkkJc7Ow&pp=ygUG7ZmY6rK9,202만회,2년 전
"암벽 타는 들개? 환경스페셜 ‘백구, 북한산으로 간 까닭은’ / KBS 20120530 방송",https://youtube.com/watch?v=YqjKuFrPQ38&pp=ygUG7ZmY6rK9,1.8만회,1년 전
환경동화 22화 | 아프리카에서 온 편지 | 키워드: 기아 | 녹지마!빙수,https://youtube.com/watch?v=G45SwNFgIao&pp=ygUG7ZmY6rK9,1천회,1년 전
"전복, 해삼, 굴, 성게, 닥치는대로 먹어치우는 불가사리 [환경스페셜-바다의 포식자 불가사리] / KBS 20120725 방송",https://youtube.com/watch?v=z3x61Huh08k&pp=ygUG7ZmY6rK9,2.3만회,1년 전
환경동화 03화 | 강을 따라 졸졸졸 | 키워드: 강 | 녹지마!빙수,https://youtube.com/watch?v=bFbsgiXSrPA&pp=ygUG7ZmY6rK9,21만회,1년 전
환경동화 05화 | 섬에 떠내려왔어요 | 키워드: 섬 | 녹지마!빙수,https://youtube.com/watch?v=ZUr0MBYHrJA&pp=ygUG7ZmY6rK9,4천회,1년 전
"철원에서 제주까지, 한반도 철새지도  [환경스페셜 신년기획 - 한반도 철새지도] / KBS 20050105 방송",https://youtube.com/watch?v=gnk6W0n4L0c&pp=ygUG7ZmY6rK9,3.9만회,3년 전
"환경연구사 하는 일 다 알려드립니다! (환경연구사의 업무?, 남녀성비?, 6급대우?, 연봉?) [공TV 현직자 직렬 인터뷰]",https://youtube.com/watch?v=EjZA7P2QZ-Y&pp=ygUG7ZmY6rK9,1.3천회,2주 전
"""환경 파괴해놓고""…가이아나 대통령, BBC와 언쟁 화제 #JTBC #Shorts",https://youtube.com/shorts/7HAShaU7IY8,1.2천회,15시간 전
[부산] 환경오염 행위 자동차 정비업체 26곳 적발 / YTN,https://youtube.com/watch?v=CHYW7Oaz8pQ&pp=ygUG7ZmY6rK9,1.6만회,스트리밍 시간: 6개월 전
"[이슈] ""화석연료 쓰지 마""…환경단체, '독일 상징'에 페인트칠/모네·고흐 명화 테러, 도로 점거까지…과격의 일상화?/2023년 9월 24일(일)/KBS",https://youtube.com/watch?v=JFAyCiU_N5g&pp=ygUG7ZmY6rK9,2.2만회,1년 전
환경동화 11화 | 외로워! 외로워! | 키워드: 바다 | 녹지마!빙수,https://youtube.com/watch?v=YqGgx1MOafo&pp=ygUG7ZmY6rK9,18만회,9개월 전
?6월 10일(토) 지방직 해설강의 환경직(환경공학개론) 고경미 교수님?,https://youtube.com/watch?v=qDOJ5Y0BJ5E&pp=ygUG7ZmY6rK9,511회,1년 전
"뉴트리아, 붉은귀거북, 배스... 외래종 퇴치 대작전 [2021-2022 UHD환경스페셜 23편 외래종, 자연의 불법체류자] / KBS 20210916 방송",https://youtube.com/watch?v=gwF2pzesZl8&pp=ygUG7ZmY6rK9,7.2천회,1년 전
"들고양이 vs 들개, 처절한 생존투쟁 [2021-2022 UHD환경스페셜-6편 그 동네 그 고양이] / KBS 20210408 방송",https://youtube.com/watch?v=EjZ5VtrUDQ4&pp=ygUG7ZmY6rK9,1.6천회,5년 전
환경이랑 이제 인연 끊겠습니다,https://youtube.com/watch?v=FQeWChlMoaU&pp=ygUG7ZmY6rK9,461회,2년 전
[보들이TV X 초록별엔진 콜라보 EP1] 환경연구사 Q&A 1등 합격 비결 대방출!  뿜뿜~,https://youtube.com/watch?v=eODBXkiyfV4&pp=ygUG7ZmY6rK9,6.2만회,2년 전
"최원순 창작동요 (환경수비대) 노래 정다은, 최원순 작사 / 작곡",https://youtube.com/watch?v=DA6I-2duAbw&pp=ygUG7ZmY6rK9,4만회,1년 전
환경동화 38화 | 오리발의 욕심 | 키워드: 음식물 쓰레기 | 녹지마!빙수,https://youtube.com/watch?v=F-sV9uloZss&pp=ygUG7ZmY6rK9,179만회,11개월 전
생물대멸종! 6번째는 바로 인간!! [한국시니어TV] #환경 #멸종위기 #기후위기 #홍수열 #지혜의다락방,https://youtube.com/shorts/fn-ff58DPTY,1.2만회,3년 전
"[시청자요청] 돼지가 행복해야 사람이 행복하다 | 환경스페셜  “동물공장 제1편-1.1㎡의 자유, 돼지” (2007년 5월 23일 방송)",https://youtube.com/watch?v=Ro42eNhhemQ&pp=ygUG7ZmY6rK9,5천회,1년 전
환경동화 09화 | 개구리밥은 어디에? | 키워드: 연못 | 녹지마!빙수,https://youtube.com/watch?v=HNb3cEafwqM&pp=ygUG7ZmY6rK9,2천회,3년 전
환경과학전공이 궁금해? 교수님이 알려줄게! ?? 드림연구소,https://youtube.com/watch?v=gJPBbJoU7uM&pp=ygUG7ZmY6rK9,1.1천회,4년 전
(공익몰카) 쓰레기 무단투기할때 환경미화원 복장하고 단체로 나타나기2탄ㅋㅋㅋ역대급 레전드 [eng sub],https://youtube.com/watch?v=VY_Ox7pHN8A&pp=ygUG7ZmY6rK9,2.5만회,1년 전
"식탁 위의 유전자 조작식품, 축복인가? 재앙인가? [환경스페셜-위험한 연금술 유전자 조작식품] / KBS 20070704 방송",https://youtube.com/watch?v=o7X3zqfwxEM&pp=ygUG7ZmY6rK9,1.9천회,1년 전
환경동화 29화 | 잠 좀 자자! | 키워드: 빛공해 | 녹지마!빙수,https://youtube.com/watch?v=KLJQ0apMdK4&pp=ygUG7ZmY6rK9,1.4천회,1년 전
환경동화 15화 | 오로라 말고 오로라 | 키워드: 북극 | 녹지마!빙수,https://youtube.com/watch?v=gVd7PvOp4rw&pp=ygUG7ZmY6rK9,171만회,1년 전
"[자산어보] 이후 200년, 흑산도에 나타난 열대어  [2021-2022 UHD환경스페셜 37편 바다를 부탁해, 자산어보] / KBS 20220303 방송",https://youtube.com/watch?v=Py4EzUh-050&pp=ygUG7ZmY6rK9,8.5천회,1년 전
환경동화 33화 | 초콜릿의 비밀 | 키워드: 식품첨가물 | 녹지마!빙수,https://youtube.com/watch?v=fNABP2_w2Qs&pp=ygUG7ZmY6rK9,1.2천회,2개월 전
안전한 환경관리로 민생을 든든하게 살피겠습니다 | 2024년 환경부 주요정책 추진계획,https://youtube.com/shorts/8QN8zg4gdZg,884회,1년 전
환경동화 07화 | 따오기를 찾아라! | 키워드: 늪 | 녹지마!빙수,https://youtube.com/watch?v=VeXx57e_d-0&pp=ygUG7ZmY6rK9,2.1만회,2년 전
"환경스페셜 - 고양이, 섬을 점령하다/ KBS 20081210 방송",https://youtube.com/watch?v=IL5CA289x_k&pp=ygUG7ZmY6rK9,3.1천회,1년 전
환경관련 산업기사 기사 유망자격증 모음,https://youtube.com/shorts/IyyfC8qnH4Q,87회,2년 전
환경이 바뀌면 행동이 달라진다! 그럼 내 아이 어디서 키울까? | SBS스페셜X판타집개론,https://youtube.com/watch?v=w1IbqZ7z1a0&pp=ygUG7ZmY6rK9,1.5천회,1년 전
환경동화 10화 | 갯벌에 같이 갈래? | 키워드: 갯벌 | 녹지마!빙수,https://youtube.com/watch?v=H6D6PwTpc_Q&pp=ygUG7ZmY6rK9,2.7만회,9개월 전
"""사드 전자파 영향 미미"" 6년 만에‥환경영향평가 완료 (2023.06.21/뉴스데스크/대구MBC)",https://youtube.com/watch?v=Urkq5RP3wWc&pp=ygUG7ZmY6rK9,6천회,6일 전
[환경동화]모두의 케이크/환경동화/ 빨간모자/ 감호도감/ 자장가/ 오디오북/ 잠잘 때 듣는 환경이야기/,https://youtube.com/watch?v=Ya3EROR9l2Y&pp=ygUG7ZmY6rK9,2.9만회,1년 전
환경동화 02화 | 데굴데굴 굴러온 돌 | 키워드: 돌 | 녹지마!빙수,https://youtube.com/watch?v=wskWLg2dHgI&pp=ygUG7ZmY6rK9,1.9천회,4년 전
[SKinnoMan] 개성만점 현역 연구원들의 근무환경&입사꿀팁 대.방.출. SKinnoManX채용 '대전 기술혁신연구원'편,https://youtube.com/watch?v=JjhTM2lxOzs&pp=ygUG7ZmY6rK9,959회,11개월 전
플라스틱 없이는 못살아?! 안돼~!! [한국시니어TV] #환경 #기후위기 #홍수열 #지혜의다락방,https://youtube.com/shorts/SEq_OwozlR8,598회,1년 전
#1 연봉 4천 오케이? - 환경관련 직업 연봉 (측정/분석/석면조사/환경안전/HSE/EHS/환경안전관리/온실가스컨설팅/환경영향평가/인허가),https://youtube.com/watch?v=xF1QF3OSMRg&pp=ygUG7ZmY6rK9,2.1천회,4년 전
인간이 만든 물질적 풍요가 일으킨 전 지구적 환경 재앙 [다큐 세상] 20191018,https://youtube.com/watch?v=rslFA3fpN8g&pp=ygUG7ZmY6rK9,8.6만회,1년 전
"33km 세계 최장 방조제! 새만금 개발 논란 [환경스페셜-갯벌 3부작 1편 새만금, 바다는 흐르고 싶다] / KBS 20030716 방송",https://youtube.com/watch?v=Z_yH66Tk2OE&pp=ygUG7ZmY6rK9,1.9천회,11개월 전
관광을 위해? 환경을 위해? #shorts,https://youtube.com/shorts/-4fVsrS7GmI,9.5천회,2일 전
"“살림 환경을 최대한 단순하게” 낭비없는 살림 미니멀라이프,  미니멀리즘 심플라이프",https://youtube.com/watch?v=x_D4FT-Nbh4&pp=ygUG7ZmY6rK9,301회,5년 전
환경아 끝까지 해보자는거지?,https://youtube.com/watch?v=F-uHR8PTlxs&pp=ygUG7ZmY6rK9,1.4만회,11개월 전
며느리에게 알려주는 환경이야기!! [한국시니어TV] #시니어 #환경 #쓰레기 #홍수열,https://youtube.com/shorts/kgDMMAF4yDY,141만회,11개월 전
기업이 생각하는 ESG는?! [한국시니어TV] #환경 #위기 #esg #지혜의다락방 #홍수열,https://youtube.com/shorts/HZxFJFsQqu8,4.1천회,1년 전
"초원의 포식자 사자, 기린 사냥 [환경스페셜-동물 대이동 위대한 여정 제1편 검은 대륙의 질주 누] / KBS 20080109 방송",https://youtube.com/watch?v=zjRLGqcFc-Q&pp=ygUG7ZmY6rK9,120만회,3년 전
JTBC X 환경재단 세계 환경의 날 특별 상영#대규모환경재해를다룬다큐영화 #진흙,https://youtube.com/shorts/jN8hM4axUug,2.4천회,11개월 전
환경오염송 #과학송 #과학노래 #과학동요 #초등과학 #깨비키즈 #KEBIKIDS,https://youtube.com/shorts/IPjEfkq7mQc,2.1천회,2년 전
"분단의 상처와 자연! 환경스페셜 ‘자유로 철책 너머, 그들만의 세상이 있다’ / KBS 20030806 방송",https://youtube.com/watch?v=h5cn25hjf5w&pp=ygUG7ZmY6rK9,6.5만회,1시간 전
"[??환경잇슈 2편] ??지구의 날 소등행사 ""4. 22.(월) 20:00~20:10(10분간)"" 불을 꺼주세요!",https://youtube.com/shorts/7qq2TuoefT0,851회,1일 전
"""3년 뒤 대선 승리한다... 기울어진 언론 환경부터 개선하라"" / '밧데리 아저씨' 박순혁 작가",https://youtube.com/watch?v=GOnbANCDvRY&pp=ygUG7ZmY6rK9,41만회,3년 전
"[1분 환경교양] 환경교육, 독일????에선 이렇게!",https://youtube.com/shorts/wULt3WyEt-s,29만회,1년 전
「국제업무탐구??」 그린피스 편 | 환경보호 | 기후위기 | 해외취업,https://youtube.com/shorts/m4jj_xHIbhk,16회,스트리밍 시간: 1년 전
[193회] 환경공학에서 가장 연봉이 높은 직종 / 낮은 직종,https://youtube.com/watch?v=IH4Ga6_4abg&pp=ygUG7ZmY6rK9,1만회,2일 전
"깨끗한 자연환경,아이들키우기 좋아요~~",https://youtube.com/watch?v=SqsSvt3gHIA&pp=ygUG7ZmY6rK9,5.8천회,1년 전
"참수리 vs 흰색꼬리수리, 치열한 먹이 쟁탈전  [2021-2022 UHD환경스페셜 32편 (신년기획) 새들이 내게 말하기를] / KBS 20220106 방송",https://youtube.com/watch?v=MY0U-w9Hi98&pp=ygUG7ZmY6rK9,752회,3일 전
지구 생명의 역사에 이런 일은 없었다?,https://youtube.com/shorts/d-YkL7qTeAQ,1.1만회,11개월 전
화석연료 줄이자!! 탈플라스틱운동 [한국시니어TV] #환경 #플라스틱 #지구사랑 #홍수열,https://youtube.com/shorts/x5SquqvrNa8,8.9천회,1년 전
환경관리사 행동강령 / 환경을 지키는 사람들의 모임,https://youtube.com/watch?v=4Z7UYwyxU70&pp=ygUG7ZmY6rK9,1.9만회,2년 전
돈 없으면 떨어지는 환경미화원에 대한 20가지 사실 | 일단 연봉5800,https://youtube.com/watch?v=vEHDcuDQNno&pp=ygUG7ZmY6rK9,6.5천회,2일 전
"""자연 파괴에 책임 느껴""..전 재산 환경단체 기부  #shorts",https://youtube.com/shorts/E7lmGiI43Zo,638회,8일 전
정부는 투자 환경 개선! 기업은 투자 확대로 호응! 점점 커지는 우리나라 경제역동성! #shorts,https://youtube.com/shorts/MdGG4Pw0ChM,361회,5년 전
[STEP] 환경과 생활,https://youtube.com/watch?v=GOb64rR7WcQ&pp=ygUG7ZmY6rK9,17만회,3개월 전
[환경 덕후들의 수다] 푸른 하늘을 지키기 위해 변화하는 이것!???,https://youtube.com/watch?v=E1EpiIvsFf8&pp=ygUG7ZmY6rK9,911회,스트리밍 시간: 6개월 전
폭염으로부터 안전한 노동을 위한 대안 마련 토론회,https://youtube.com/watch?v=ZR8RWqleb2g&pp=ygUG7ZmY6rK9,66만회,7일 전
안녕하세요?? 환경아이돌 얼스입니다,https://youtube.com/watch?v=qomLZZXOGlA&pp=ygUG7ZmY6rK9,47회,3년 전
당신이 알고 있는 바다오염에 관한 진실은 모두 틀렸다 / 충격적인 문제작 '씨스피라시',https://youtube.com/watch?v=wq-Memch86M&pp=ygUG7ZmY6rK9,298회,20시간 전
먹으면서 환경보호? 피그인더가든에선 너도 할 수 있어??,https://youtube.com/watch?v=exk4_LYczxQ&pp=ygUG7ZmY6rK9,102회,9개월 전
"분리배출, 必환경 잘 할 수 있을까...? ㅠㅠ #플라스틱 #기후위기 #대한민국 #분리배출 #必환경 #이한철",https://youtube.com/shorts/XFnL3tDJZms,14만회,10개월 전
"2023 공개경쟁 환경공학개론 문제해설 [ 지방직 , 환경직 ]",https://youtube.com/watch?v=qmsd15q67XM&pp=ygUG7ZmY6rK9,259만회,5일 전
"[우정상사] 중고기계 (식품, 화학, 제약, 환경) 매입 및 매각",https://youtube.com/watch?v=I4nwDJtfx5g&pp=ygUG7ZmY6rK9,2.4천회,1년 전
"?? 19 SIEFF 그린티어, 환경은 우리가 지킨다! 우리는 환경방위대 ???????? | SIEFF #Shorts",https://youtube.com/shorts/QVatXSygHkg,742회,3년 전
이 직업은 어떻게 생각하시나요?? (feat. 초봉 4500?? 환경미화원!),https://youtube.com/watch?v=F5823y8dqhE&pp=ygUG7ZmY6rK9,1.3천회,2년 전
환경미화원 힘들다는 것 다 핑계? l 악플읽기,https://youtube.com/watch?v=dywo_KkiAg8&pp=ygUG7ZmY6rK9,822회,2일 전
"[10분/복음설교] 어떤 환경이 와도, 자유합니다. #정동석목사 #LA나성교회 #왕십리삼성교회",https://youtube.com/watch?v=jlQUdFpjsHc&pp=ygUG7ZmY6rK9,405회,5년 전
"텀블러, 1000번 안 쓰면 환경파괴? / 14F",https://youtube.com/watch?v=eTteTdj6E64&pp=ygUG7ZmY6rK9,6.6천회,17시간 전
환경단체에 똥거름을 뿌리는 트랙터 ㄷㄷ,https://youtube.com/shorts/PFJC7J6CtCM,4.3만회,3일 전
"귀가 트이는 이유, 한국에서 영어 노출 환경 만들기, 미국 드라마 사인필드 영어로 듣기 108강",https://youtube.com/watch?v=O5tY_hV_xcQ&pp=ygUG7ZmY6rK9,1.1만회,3일 전
선거 뒤 버려지는 현수막..환경오염·재활용 막막 #shorts,https://youtube.com/shorts/cBhnV5sQEJ8,5.9천회,3년 전
환경오염의 종류 (Different Types of Pollution),https://youtube.com/watch?v=Fr_lNIY4T4s&pp=ygUG7ZmY6rK9,1.5만회,2년 전
"[탄소중립청년서포터즈] 환경레인저, 팀 카프리제의 ??환경송??",https://youtube.com/watch?v=6xPKqOnvP90&pp=ygUG7ZmY6rK9,1.9천회,1일 전
류준열 형! 북극곰 살리고 싶다면서 왜 골프쳐요.... #shorts #류준열 #환경,https://youtube.com/shorts/Qt05tDttGH4,8.2천회,2년 전
"[광고영상] 이제는 공익광고도 바뀌어야합니다.  ‘2066’ (feat. 환경오염, 공익광고, 돌고래유괴단)",https://youtube.com/watch?v=QWHRyNqjr9A&pp=ygUG7ZmY6rK9,1.8천회,2일 전
"[자막뉴스] ""이게 정말 이상 없습니까"" 삽으로 퍼내자 ""뭐야 이게"" / KBS 2024.04.16.",https://youtube.com/watch?v=F-zN6VaGJGY&pp=ygUG7ZmY6rK9,1.6천회,10개월 전
[대구녹색학습원] 2023 1학기 원격환경퀴즈대회,https://youtube.com/watch?v=4Yc--GRSNkA&pp=ygUG7ZmY6rK9,7천회,스트리밍 시간: 23시간 전
제308회 광주시의회 임시회 제1차 도시환경위원회,https://youtube.com/watch?v=7RK4O8rLx2A&pp=ygUG7ZmY6rK9,1.3만회,5.6천명 시청 중
[한국경제TV LIVE] No.1 경제/증권 채널,https://youtube.com/watch?v=NJUjU9ALj4A&pp=ygUG7ZmY6rK9,6.1만회,2주 전
에스파 카리나 윈터 과나 그거아세요 챌린지 따라하기 (ver.환경),https://youtube.com/shorts/1zJKwCu1MUE,366회,1시간 전
Solid Edge 2024 교육 ? 38 어셈블리 환경 (컴포넌트 표시/숨기기),https://youtube.com/watch?v=BnoT9qja1Ds&pp=ygUG7ZmY6rK9,408회,2년 전
[광고]어린이집 환경판 추천 판매순위 Top10 || 가격 평점 후기 비교,https://youtube.com/watch?v=Za5MM1JJLcs&pp=ygUG7ZmY6rK9,2.9만회,1개월 전
옥상달빛 빨주노초파남보 | 수어로 전하는 특별한 메시지 | 2024 세계 물의 날 기념,https://youtube.com/watch?v=PjR39BNxZIE&pp=ygUG7ZmY6rK9,2회,1일 전
9천만원 인하!! 산과 계곡 있는 자연환경 좋은 양평전원주택 급매5억 [NO.22189번] 양평길공인중개사,https://youtube.com/watch?v=a7uWqQvg6xs&pp=ygUG7ZmY6rK9,4.9천회,4일 전
[용인시 단독주택] 도시개발과 아파트 환경의 마당이 있는 4룸 집. 처인구 역북동 타운하우스(어썸빌리지),https://youtube.com/watch?v=TCCMhCcH3zk&pp=ygUG7ZmY6rK9,1.8천회,2일 전
"지난해 3대 온실가스 사상 최고지,,??",https://youtube.com/shorts/Ti5m4k9Ab1I,2.3천회,1일 전
(15) 어쩌다 이사 / 치매 환자에게 최적 환경은? / 요양원 입소와 치매 / 내가 알던 그 사람 (웬디 미첼 저서) 리뷰,https://youtube.com/watch?v=EbSgwld8xVk&pp=ygUG7ZmY6rK9,340회,16시간 전
[루어어택TV]- 참가비 없는 낚시 대회가 있다고?! 환경 정화 활동까지 한방에!!!,https://youtube.com/watch?v=4uMYLUYXTHE&pp=ygUG7ZmY6rK9,444회,7일 전
자연환경과 생활환경 모두 뛰어난 잘 지어진 전원주택입니다,https://youtube.com/watch?v=aZjTnGFkAeo&pp=ygUG7ZmY6rK9,26회,스트리밍 시간: 5일 전
환경사랑 [414회] 음악과  출판기념회  개국3주년 ( 20240413),https://youtube.com/watch?v=X3fvo2r1sWc&pp=ygUG7ZmY6rK9,975회,3년 전
(공익광고)인간이 지구를 파괴하는과정,https://youtube.com/watch?v=PkpeKAlH0UA&pp=ygUG7ZmY6rK9,1.1만회,스트리밍 시간: 2일 전
"[심층 토론회] 기후위기 시대, 우리나라 소나무 어떻게 지킬까",https://youtube.com/watch?v=JJukrkYfeqM&pp=ygUG7ZmY6rK9,440회,3년 전
(공익광고) 당신이 환경을 보호하지 않는다면 일어나는일,https://youtube.com/watch?v=uPFXlBggyFU&pp=ygUG7ZmY6rK9,11만회,9개월 전
"김기현 “사드 전자파 안전”…반대단체, 항의 집회 / KBS  2023.06.26.",https://youtube.com/watch?v=6W-WOfNt05g&pp=ygUG7ZmY6rK9,352회,4일 전
(518) 1억초 단독주택 급매 만족 스럽다 주변환경!! 제천시 신백동 소재 대지52평 연면적 27평 주택매매,https://youtube.com/watch?v=RLN5txc0mnQ&pp=ygUG7ZmY6rK9,2.3만회,5일 전
환경보호를 위한 분리수거,https://youtube.com/watch?v=5s6d2BTIGus&pp=ygUG7ZmY6rK9,798회,1일 전
[시대일보 생활 캠페인]“면도기도 환경오염”? #시대일보 #시대일보 생활 캠페인 #면도기 #일회용면도기 #친환경 제품 #환경오욤 #친환경 제품 #일회용품,https://youtube.com/shorts/gL5en50MugI,1.9천회,1일 전
"총선 폐현수막 처리 '골치'...""한 장당 온실가스 배출 4kg"" / YTN",https://youtube.com/watch?v=tP8k3lJ0GOo&pp=ygUG7ZmY6rK9,108회,22분 전
"모래진흙으로 만든 임시 도로, 바다 오염 우려 (2024.04.17/뉴스데스크/MBC강원영동)",https://youtube.com/watch?v=-yAG8zYHaBo&pp=ygUG7ZmY6rK9,29회,1일 전
100년 뒤 지구는 어떻게 될까? '타임라인' | 미래를 위한 질문 | 환경교육 환경과학 청소년 어린이 키즈,https://youtube.com/watch?v=DDEatc-zC2w&pp=ygUG7ZmY6rK9,543회,10개월 전
[특별상 수상작] 환경부 주최 환경교육영상공모전,https://youtube.com/shorts/8OuP_3x1B8o,57회,2일 전
바비 인형 하나를 제작하는데 얼마나 열약한 환경에서 작업 하시는지...,https://youtube.com/shorts/hbPnqD2AD0I,62회,4년 전
월간환경부10월호 : 유엔기후행동 정상회의,https://youtube.com/watch?v=GXpCCTW9ZMU&pp=ygUG7ZmY6rK9,1천회,15시간 전
환경TV 신나는 로고송!,https://youtube.com/watch?v=7LENLD8NCr8&pp=ygUG7ZmY6rK9,1.6만회,6일 전
갑자기 길바닥에 쓰러진 남성...환경공무원이 살리다. #shorts #cpr #심폐소생술 #뉴스 #감동,https://youtube.com/shorts/0otCedYhbQk,577회,조회수 없음
모두에게 허락된 시간과 환경입니다. 그 시간과 환경을 감사로 누리는자와 불평으로 헛되이 보내며 사는자로 나뉘어 지는것 뿐!,https://youtube.com/watch?v=ewRW3YSL2D4&pp=ygUG7ZmY6rK9,40회,1일 전
"총선 폐현수막 처리 '골치'...""한 장당 온실가스 배출 4kg"" / YTN",https://youtube.com/watch?v=fIjWIIofPe0&pp=ygUG7ZmY6rK9,5만회,1일 전
헷갈리는 재활용 이 영상 하나로 끝! 분리배출 절대 불가한 쓰레기｜경기도 지식(GSEEK),https://youtube.com/watch?v=Ju8Mz9-qlu4&pp=ygUG7ZmY6rK9,1천회,1일 전
디봇 안내는 환경 보호가 #golf #골프 #골프레슨 #골프스윙 #golfswing #골린이,https://youtube.com/shorts/lFzTm21PIrg,79회,1일 전
백옥생 재활용을 착불로 보내 주세요 우리나라 환경에 도움이 되고 필리핀에서는 유용하게 쓰여 지니 애국하는 겁니다,https://youtube.com/watch?v=RGR2Acg3-zQ&pp=ygUG7ZmY6rK9,1.1만회,1일 전
"""천연기념물 저어새 번식지 보호 강화"" / SBS / #D리포트",https://youtube.com/watch?v=R0EsrjH7WjE&pp=ygUG7ZmY6rK9,244회,23시간 전
요양원 선택할 때 중요한 '환경'  #요양원 #요양원입소,https://youtube.com/shorts/MRrH6H9-Y5Q,1.1천회,4일 전
선택적 환경운동가,https://youtube.com/shorts/OKEiV2khbDQ,2.8천회,3일 전
환경미화원이 오늘도 힘낼 수 있는 이유,https://youtube.com/shorts/E0wPqK8GpWo,5.7천회,2일 전
세계에서 가장 환경 친화적인 국가 Top5,https://youtube.com/shorts/Q4eKZRdcNS4,6.2만회,3일 전
"[인류 문명과 환경 과학] 제1강, 강의 개요, #환경, #문명. #박석순",https://youtube.com/watch?v=oLXxHMHO8-4&pp=ygUG7ZmY6rK9,190회,3일 전
"송하윤의 가정환경과, 중국 배우 남친에 부리던 애교스킬",https://youtube.com/watch?v=QRa8Hl_mIUo&pp=ygUG7ZmY6rK9,193회,8일 전
[기후리포트] 올해 배꽃 전선 이상없다 / 플뿌리 연대의 기자회견,https://youtube.com/watch?v=XUuO2Xa_jfc&pp=ygUG7ZmY6rK9,17만회,1일 전
가스레인지의 배신 - 숨어있던 환경 빌런,https://youtube.com/shorts/sQ4ti-2O8Q4,5회,1년 전
백발백중. 환경놀이터에 초청된 노리카(noricar). 이날의 MVP. 초집중 어르신의 콘홀 시범.,https://youtube.com/shorts/ci9pegUfnp0,1.2천회,4일 전
조용기목사님의 명설교 - 환경을 지배하는 기도,https://youtube.com/shorts/7ysxi4PisRY,1.3만회,1일 전
조용기목사님의 명설교 - 환경을 지배하는 기도,https://youtube.com/watch?v=nrLp082iB-s&pp=ygUG7ZmY6rK9,731회,1일 전
"20240417 황진희 의원, 안전한 유아 교육환경 조성을 위한 정책제안 정담회 실시 #민생뉴스 #신동아방송 #경인tv #박대영기자",https://youtube.com/watch?v=WCLRokEknhc&pp=ygUG7ZmY6rK9,773회,1일 전
색안나오는 휴지 이거 환경오염 이라 생각하면 좋아요ㄱㄱ,https://youtube.com/shorts/sCYMtqhTs68,1회,2일 전
노숙자 강아지 강탈사건 범인은 환경단체  #shorts #사건실화 #사건파일,https://youtube.com/shorts/_vxZgkSH0Dw,5.1천회,1일 전
청년들~이게 자유인가요? #환경미화,https://youtube.com/shorts/7ubnneU1GhI,4.8천회,3일 전
운동 환경세팅 | 진서연,https://youtube.com/shorts/axgfcKIBAQw,6.6천회,1일 전
최악의 환경오염지역 TOP 5 / Top 5 Worst Environmental Pollution Areas                   #world #세계#환경오염,https://youtube.com/watch?v=uXjUPpcwSnw&pp=ygUG7ZmY6rK9,1.1천회,3일 전
2024년 4월 대박기운이 들어와 주변 환경이 변하는 띠와 나이??????/일산용한점집 [더샤머니즘],https://youtube.com/watch?v=cbd_ANZmRyU&pp=ygUG7ZmY6rK9,6.6천회,1일 전
[후쿠시마오염수] 방류해도 오염수 안 줄어드는 이유...원자로 안에 녹아내린 핵연료가 종유석처럼,https://youtube.com/watch?v=JNFpgU0iqxk&pp=ygUG7ZmY6rK9,3천회,2일 전
건설 폐기물 처리 (주)아산환경,https://youtube.com/shorts/htzNS5_613o,56회,3일 전
[코스모신소재 주가전망]긴급!!!!!어려운 환경속에 수주 터졌다! 이종목이 찐찐찐이다~~~!!,https://youtube.com/watch?v=sy5yzmAig84&pp=ygUG7ZmY6rK9,431회,1일 전
양평 옥천 고급 전원생활지 내 천혜의 환경을 보유한 양평 토지 땅 부동산 매매 매물 급매 급매물 급매매 /경기도 양평군 옥천면 용천리,https://youtube.com/watch?v=W3Klvvlpdfc&pp=ygUG7ZmY6rK9,591회,22시간 전
자연순환농법을 추구하는 김포 제2환경센터. 텃밭에서 닭을 키우는 이유를 들어볼까요?,https://youtube.com/watch?v=mXL0FSZiAdQ&pp=ygUG7ZmY6rK9,560회,4일 전
하대리 구조견들 관련 환경개선,https://youtube.com/watch?v=3EatsSUxicc&pp=ygUG7ZmY6rK9,2천회,57명 시청 중
"[솔로몬의 노래] #7. 지구의 환경 오염을 해결하려면? / 적그리스도, 음악으로 세상을 하나로 만들다! (2024-04-17)",https://youtube.com/watch?v=wdZA0dWH2i4&pp=ygUG7ZmY6rK9,321회,16시간 전
"비트코인은 오르려 하나, 글로벌 환경이 만만치 않네요! #홍콩 비트코인.이더리움 현물 ETF 승인 #온톨가스 #쿼크체인 #온톨로지 #아이오에스티 #쎄타퓨엘 #이오스",https://youtube.com/watch?v=4fkN8WEI6t0&pp=ygUG7ZmY6rK9,1.2천회,스트리밍 시간: 2일 전
"안철수 둘러싼 환경,정신차려라  우군이 없어 한동훈을 전당대회에 끌어 들이나",https://youtube.com/watch?v=iS6jNS0bXaI&pp=ygUG7ZmY6rK9,1.2천회,23시간 전
"무너진 우크라이나 댐, 자연재해가 아닌 에코 테러리즘?ㅣKBS 230622 방송",https://youtube.com/watch?v=CZbbwQAlLyo&pp=ygUG7ZmY6rK9,2.1천회,9개월 전
다가구 주택매매?율량3지구 쾌적한 환경의 숲세권~쉽게 찾아볼수 없는 9억대 신축급~퀄리티 높은 주인세대 다가구주택?공원화 사업 미래 가치있는 수익형 부동산 !!,https://youtube.com/watch?v=7Kli_80DPRo&pp=ygUG7ZmY6rK9,1천회,3일 전
"[횡성] 착한 가격 2.2억, 신축 전원주택, 아름다운 자연환경, 해발 485m",https://youtube.com/watch?v=aS1OdjRkbmo&pp=ygUG7ZmY6rK9,1.8천회,2일 전
"극한의 환경속 북극여우의 생존방법 , 야생 ep.13",https://youtube.com/shorts/FRg0Cgc0tEs,7.8천회,2일 전
"좋은 환경에 있었지만......     ""역대상 5장 1~2절""",https://youtube.com/watch?v=AT1jAF_LQJo&pp=ygUG7ZmY6rK9,45회,2일 전
"27번째 토지 / 입지,접근성,생활권,주변환경,평지,가격등 모두 합격~ / 양평 만세부동산TV / 031 - 771 - 7312 / 031 - 771 - 7377",https://youtube.com/watch?v=Z6N_c0ylP5E&pp=ygUG7ZmY6rK9,191회,1일 전
여러분 환경을 지킵시다 우리가 환경을 지킬 시간은 이제 거의 안남았어요ㅠ,https://youtube.com/shorts/nN8u0fZru9U,2.9천회,1개월 전
#지구의날 ?? 플라스틱 없는 삶 ?? #지구수호대 2기 #세종대환경동아리THEEYES #탄소중립 #제로서울,https://youtube.com/shorts/rIOs0hjLRks,18회,2일 전
환경 강사가 전하고 싶은 말#PD백 #PD100 #peacedesigners #피스디자이너 #PD캠퍼스 #환경 #강사 #학교 #수업  #자연  #사랑 #마음 #쇼츠 #shorts,https://youtube.com/shorts/Ga8ozJSA3ck,17회,3일 전
"중국 도착 푸바오, 낯선 환경에 지친 듯 보여",https://youtube.com/shorts/ZiSLGHCe9lI,5.2만회,2주 전
"괌4일차????) 두짓비치 호텔/환경 크레딧  /마이크로네시아 몰,로스/크랙드 에그/오니기리 세븐/육아브이로그",https://youtube.com/watch?v=B6JaJxElqYw&pp=ygUG7ZmY6rK9,286회,5일 전
음악출처와 환경오염에 대한건 댓글에,https://youtube.com/shorts/qj6W406sJm4,5.4천회,2일 전
"맑은 공기를 위한 동행, 9월 7일은 푸른 하늘의 날입니다? 〈with 포레스텔라〉 | 환경부",https://youtube.com/watch?v=swuGTM7IcpI&pp=ygUG7ZmY6rK9,1.6만회,7개월 전
소중한 우리 바다를 살립시다 #환경캠페인 #cgm자원봉사단,https://youtube.com/watch?v=YzcXtS8Mn34&pp=ygUG7ZmY6rK9,143회,2일 전
웃음 가득 환경미화원,https://youtube.com/shorts/RiTgTA4cCWs,9.1천회,2일 전
환경은 정말 좋아요! #푸바오 가 어디에 머무를지 추측해보세요! Baby pandas enjoy a leisurely life,https://youtube.com/shorts/rr4Q_zbMN9o,5.7천회,1일 전
계양구 범죄현장! 저 손목을 아는분? #담배꽁초 #환경미화,https://youtube.com/shorts/Ur-5k0CknMA,2.5천회,3일 전
Cleanup: Promoting Environmental Responsibility #shorts #camping #survival #outdoors #bushcraft,https://youtube.com/shorts/qjj2FWAUYK0,55만회,3일 전
"불우한 환경을 극복하고, 최고의 작가가 된 J.K. 롤링",https://youtube.com/shorts/3aF1UCs8Hr4,10회,23시간 전
환경호르몬 다이옥신,https://youtube.com/shorts/aLbLzJsaZ4E,11회,4일 전
#SNL - 열악한 환경의 의사가 선택한 최선의 치료법,https://youtube.com/shorts/RweuMIC_Vx4,6.7만회,3일 전
대기환경개선 기기 전문기업 세진이앤이 #Shorts #미트디렉토리,https://youtube.com/shorts/xeYYgnxoZGk,10회,2일 전
기후 전사들 : 할머니부터 Z세대까지 지구를 위한 단결,https://youtube.com/watch?v=U6Kz-1Awju4&pp=ygUG7ZmY6rK9,9회,13일 전
청년 농부의 죽음…유서에는 “노예처럼 착취” / KBS  2024.04.16.,https://youtube.com/watch?v=xA3ycvne4SM&pp=ygUG7ZmY6rK9,34만회,1일 전
#지구의날 ?? 플라스틱 없는 삶 Look at me ?? #지구수호대 2기 #세종대환경동아리THEEYES #탄소중립 #제로서울,https://youtube.com/shorts/885nKl9FBQI,10회,1일 전
인간의 참 모습,https://youtube.com/watch?v=BacsPoDcmTw&pp=ygUG7ZmY6rK9,17회,2일 전
"흙 섞인 수돗물 '콸콸'‥""임산부도 모르고 마셔"" (2024.04.15/뉴스데스크/MBC)",https://youtube.com/watch?v=RwvSJh0ctdU&pp=ygUG7ZmY6rK9,7만회,2일 전
폐업 속출에 교대 정원 감축까지…저출생의 그늘 [친절한 뉴스K] / KBS  2024.04.16.,https://youtube.com/watch?v=1lfJbzu9IQU&pp=ygUG7ZmY6rK9,2천회,1일 전
"""아이 조금만 늦었어도""…마당 덮친 컨테이너에 '아찔' / SBS / 생생지구촌",https://youtube.com/watch?v=yWw2FZsM2yw&pp=ygUG7ZmY6rK9,1.2천회,4시간 전
천연기념물 수월봉 해안절벽 붕괴 | 출입 통제,https://youtube.com/shorts/-VoD6L9uoR8,450회,3시간 전
"Hello, Nature!! 자연적인 걸로 조금씩 바꾸면 더 좋지 않을까 하는 마음에 나를 위해서 환경을 위해서 결론은 자연속옷! (피처링. 아우르스)",https://youtube.com/shorts/3yHvJSQAHYQ,8회,2일 전
소라게가 플라스틱 뚜껑을 뒤집어 쓰고 있는 이유,https://youtube.com/shorts/jLdtdDt_cSw,3.1천회,17시간 전
참사 10년..우리 사회 '안전'은 달라졌나 (2024.04.16/뉴스데스크/목포MBC),https://youtube.com/watch?v=QZ3oNEllIcA&pp=ygUG7ZmY6rK9,345회,1일 전
4개월 만에 수돗물서 또 흙탕물…5천 세대 '경악' / SBS / #D리포트,https://youtube.com/watch?v=wlez629ItsQ&pp=ygUG7ZmY6rK9,1.1천회,2일 전
기후와 지리적인 축복을 받은 곡창지대 국가들,https://youtube.com/shorts/9JAUTj1s1DQ,1.7천회,2일 전
